-- --------------------------------------------------------
-- Host:                         localhost
-- Versión del servidor:         5.6.36-log - MySQL Community Server (GPL)
-- SO del servidor:              Win32
-- HeidiSQL Versión:             9.1.0.4867
-- --------------------------------------------------------

/*!40101 SET @OLD_CHARACTER_SET_CLIENT=@@CHARACTER_SET_CLIENT */;
/*!40101 SET NAMES utf8mb4 */;
/*!40014 SET @OLD_FOREIGN_KEY_CHECKS=@@FOREIGN_KEY_CHECKS, FOREIGN_KEY_CHECKS=0 */;
/*!40101 SET @OLD_SQL_MODE=@@SQL_MODE, SQL_MODE='NO_AUTO_VALUE_ON_ZERO' */;

-- Volcando estructura de base de datos para bd_guajiro
CREATE DATABASE IF NOT EXISTS `bd_guajiro` /*!40100 DEFAULT CHARACTER SET utf8 */;
USE `bd_guajiro`;


-- Volcando estructura para tabla bd_guajiro.tbl_caracteristicasitem
CREATE TABLE IF NOT EXISTS `tbl_caracteristicasitem` (
  `idcaracteristica` varchar(50) NOT NULL,
  `iditem` varchar(50) DEFAULT NULL,
  `idlsunidadmedida` varchar(50) DEFAULT NULL,
  `idlstipocaracteristica` varchar(50) DEFAULT NULL,
  `valor` decimal(10,2) DEFAULT NULL,
  `fecha_creacion` datetime DEFAULT CURRENT_TIMESTAMP,
  `fecha_modificacion` datetime DEFAULT NULL ON UPDATE CURRENT_TIMESTAMP,
  `crea_usuario` varchar(50) DEFAULT NULL,
  PRIMARY KEY (`idcaracteristica`)
) ENGINE=InnoDB DEFAULT CHARSET=utf8;

-- Volcando datos para la tabla bd_guajiro.tbl_caracteristicasitem: ~121 rows (aproximadamente)
/*!40000 ALTER TABLE `tbl_caracteristicasitem` DISABLE KEYS */;
INSERT INTO `tbl_caracteristicasitem` (`idcaracteristica`, `iditem`, `idlsunidadmedida`, `idlstipocaracteristica`, `valor`, `fecha_creacion`, `fecha_modificacion`, `crea_usuario`) VALUES
	('27aca478-41ce-4126-8074-d932e2f4467d', 'f6ffb10e-b5e9-4ba6-b713-b2ed3473853a', '9ae3b470-39dc-11e7-b904-204747335338', 'e47c6405-368a-11e7-b904-204747335338', 30.00, '2018-01-22 21:57:02', NULL, '954b649c-3c10-11e7-a2b5-204747335338'),
	('a971e762-ff2b-11e7-83f1-204747335338', '6d04a3e7-ff26-11e7-83f1-204747335338', 'e47c66f1-368a-11e7-b904-204747335338', 'e47c6405-368a-11e7-b904-204747335338', 2.50, '2018-01-21 22:18:26', NULL, NULL),
	('f657508f-3b87-11e7-a2b5-204747335338', 'c1e2ade4-3b42-11e7-a2b5-204747335338', '604a3263-3b86-11e7-a2b5-204747335338', 'e47c6405-368a-11e7-b904-204747335338', 10.00, '2017-05-18 00:07:59', '2017-05-18 00:25:59', NULL),
	('f6576c81-3b87-11e7-a2b5-204747335338', 'c1f41760-3b42-11e7-a2b5-204747335338', '604a3263-3b86-11e7-a2b5-204747335338', 'e47c6405-368a-11e7-b904-204747335338', 10.00, '2017-05-18 00:07:59', '2017-05-18 00:25:59', NULL),
	('f657706c-3b87-11e7-a2b5-204747335338', 'c1f41fa1-3b42-11e7-a2b5-204747335338', '604a3263-3b86-11e7-a2b5-204747335338', 'e47c6405-368a-11e7-b904-204747335338', 10.00, '2017-05-18 00:07:59', '2017-05-18 00:25:59', NULL),
	('f65771a6-3b87-11e7-a2b5-204747335338', 'c1f420bd-3b42-11e7-a2b5-204747335338', 'e47c6b42-368a-11e7-b904-204747335338', 'e47c6405-368a-11e7-b904-204747335338', 15.00, '2017-05-18 00:07:59', '2017-05-18 00:11:00', NULL),
	('f65772ec-3b87-11e7-a2b5-204747335338', 'c1f42166-3b42-11e7-a2b5-204747335338', 'e47c6b42-368a-11e7-b904-204747335338', 'e47c6405-368a-11e7-b904-204747335338', 15.00, '2017-05-18 00:07:59', '2017-05-18 00:11:00', NULL),
	('f65773ad-3b87-11e7-a2b5-204747335338', 'c1f42221-3b42-11e7-a2b5-204747335338', 'e47c6b42-368a-11e7-b904-204747335338', 'e47c6405-368a-11e7-b904-204747335338', 15.00, '2017-05-18 00:07:59', '2017-05-18 00:11:00', NULL),
	('f6577456-3b87-11e7-a2b5-204747335338', 'c1f422ca-3b42-11e7-a2b5-204747335338', 'e47c6cd1-368a-11e7-b904-204747335338', 'e47c6405-368a-11e7-b904-204747335338', 10.00, '2017-05-18 00:07:59', '2017-05-18 00:11:00', NULL),
	('f65774db-3b87-11e7-a2b5-204747335338', 'c1f4235b-3b42-11e7-a2b5-204747335338', 'e47c6cd1-368a-11e7-b904-204747335338', 'e47c6405-368a-11e7-b904-204747335338', 15.00, '2017-05-18 00:07:59', '2017-05-18 00:11:00', NULL),
	('f65775b4-3b87-11e7-a2b5-204747335338', 'c1f4328c-3b42-11e7-a2b5-204747335338', 'e47c6cd1-368a-11e7-b904-204747335338', 'e47c6405-368a-11e7-b904-204747335338', 15.00, '2017-05-18 00:07:59', '2017-05-18 00:11:00', NULL),
	('f6577785-3b87-11e7-a2b5-204747335338', 'c1f434b7-3b42-11e7-a2b5-204747335338', 'e47c6cd1-368a-11e7-b904-204747335338', 'e47c6405-368a-11e7-b904-204747335338', 15.00, '2017-05-18 00:07:59', '2017-05-18 00:11:00', NULL),
	('f6577864-3b87-11e7-a2b5-204747335338', 'c1f435c7-3b42-11e7-a2b5-204747335338', 'e47c6cd1-368a-11e7-b904-204747335338', 'e47c6405-368a-11e7-b904-204747335338', 15.00, '2017-05-18 00:07:59', '2017-05-18 00:11:00', NULL),
	('f65778d7-3b87-11e7-a2b5-204747335338', 'c1f4366a-3b42-11e7-a2b5-204747335338', 'e47c6cd1-368a-11e7-b904-204747335338', 'e47c6405-368a-11e7-b904-204747335338', 15.00, '2017-05-18 00:07:59', '2017-05-18 00:11:00', NULL),
	('f657795c-3b87-11e7-a2b5-204747335338', 'c1f43713-3b42-11e7-a2b5-204747335338', 'abdaa948-3b86-11e7-a2b5-204747335338', 'e47c6405-368a-11e7-b904-204747335338', 10.00, '2017-05-18 00:07:59', '2017-05-18 00:11:00', NULL),
	('f6577a23-3b87-11e7-a2b5-204747335338', 'c1f437c2-3b42-11e7-a2b5-204747335338', 'abdaa948-3b86-11e7-a2b5-204747335338', 'e47c6405-368a-11e7-b904-204747335338', 15.00, '2017-05-18 00:07:59', '2017-05-18 00:11:00', NULL),
	('f6577aa2-3b87-11e7-a2b5-204747335338', 'c1f43859-3b42-11e7-a2b5-204747335338', 'abdaa948-3b86-11e7-a2b5-204747335338', 'e47c6405-368a-11e7-b904-204747335338', 10.00, '2017-05-18 00:07:59', '2017-05-18 00:11:00', NULL),
	('f6577b0f-3b87-11e7-a2b5-204747335338', 'c1f43938-3b42-11e7-a2b5-204747335338', 'abdaa948-3b86-11e7-a2b5-204747335338', 'e47c6405-368a-11e7-b904-204747335338', 25.00, '2017-05-18 00:07:59', '2017-05-18 00:11:00', NULL),
	('f6577b81-3b87-11e7-a2b5-204747335338', 'c1f439cf-3b42-11e7-a2b5-204747335338', '604a3263-3b86-11e7-a2b5-204747335338', 'e47c6405-368a-11e7-b904-204747335338', 25.00, '2017-05-18 00:07:59', '2017-05-18 00:11:00', NULL),
	('f6577c00-3b87-11e7-a2b5-204747335338', 'c1f43a90-3b42-11e7-a2b5-204747335338', '604a3263-3b86-11e7-a2b5-204747335338', 'e47c6405-368a-11e7-b904-204747335338', 30.00, '2017-05-18 00:07:59', '2017-05-18 00:11:00', NULL),
	('f6577c6d-3b87-11e7-a2b5-204747335338', 'c1f43b33-3b42-11e7-a2b5-204747335338', 'abdaa948-3b86-11e7-a2b5-204747335338', 'e47c6405-368a-11e7-b904-204747335338', 20.00, '2017-05-18 00:07:59', '2017-05-18 00:11:00', NULL),
	('f6577cdf-3b87-11e7-a2b5-204747335338', 'c1f43bbe-3b42-11e7-a2b5-204747335338', 'ed1679d5-3b84-11e7-a2b5-204747335338', 'e47c6405-368a-11e7-b904-204747335338', 35.00, '2017-05-18 00:07:59', '2017-05-18 00:11:00', NULL),
	('f6577d52-3b87-11e7-a2b5-204747335338', 'c1f43c61-3b42-11e7-a2b5-204747335338', 'ed1679d5-3b84-11e7-a2b5-204747335338', 'e47c6405-368a-11e7-b904-204747335338', 35.00, '2017-05-18 00:07:59', '2017-05-18 00:11:00', NULL),
	('f6577dbf-3b87-11e7-a2b5-204747335338', 'c1f43cf2-3b42-11e7-a2b5-204747335338', 'ed1679d5-3b84-11e7-a2b5-204747335338', 'e47c6405-368a-11e7-b904-204747335338', 35.00, '2017-05-18 00:07:59', '2017-05-18 00:11:00', NULL),
	('f6577e2c-3b87-11e7-a2b5-204747335338', 'c1f43d89-3b42-11e7-a2b5-204747335338', 'ed1679d5-3b84-11e7-a2b5-204747335338', 'e47c6405-368a-11e7-b904-204747335338', 35.00, '2017-05-18 00:07:59', '2017-05-18 00:11:00', NULL),
	('f6577e98-3b87-11e7-a2b5-204747335338', 'c1f43e1a-3b42-11e7-a2b5-204747335338', 'ed1679d5-3b84-11e7-a2b5-204747335338', 'e47c6405-368a-11e7-b904-204747335338', 35.00, '2017-05-18 00:07:59', '2017-05-18 00:11:00', NULL),
	('f6577f05-3b87-11e7-a2b5-204747335338', 'c1f43eab-3b42-11e7-a2b5-204747335338', 'ed1679d5-3b84-11e7-a2b5-204747335338', 'e47c6405-368a-11e7-b904-204747335338', 35.00, '2017-05-18 00:07:59', '2017-05-18 00:11:00', NULL),
	('f65780b2-3b87-11e7-a2b5-204747335338', 'c1f43f3c-3b42-11e7-a2b5-204747335338', 'ed1679d5-3b84-11e7-a2b5-204747335338', 'e47c6405-368a-11e7-b904-204747335338', 35.00, '2017-05-18 00:07:59', '2017-05-18 00:11:00', NULL),
	('f6578124-3b87-11e7-a2b5-204747335338', 'c1f43fcd-3b42-11e7-a2b5-204747335338', 'ed1679d5-3b84-11e7-a2b5-204747335338', 'e47c6405-368a-11e7-b904-204747335338', 35.00, '2017-05-18 00:07:59', '2017-05-18 00:11:00', NULL),
	('f6578191-3b87-11e7-a2b5-204747335338', 'c1f44064-3b42-11e7-a2b5-204747335338', 'ed1679d5-3b84-11e7-a2b5-204747335338', 'e47c6405-368a-11e7-b904-204747335338', 40.00, '2017-05-18 00:07:59', '2017-05-18 00:11:00', NULL),
	('f657820a-3b87-11e7-a2b5-204747335338', 'c1f44100-3b42-11e7-a2b5-204747335338', 'ed1679d5-3b84-11e7-a2b5-204747335338', 'e47c6405-368a-11e7-b904-204747335338', 40.00, '2017-05-18 00:07:59', '2017-05-18 00:11:00', NULL),
	('f657841d-3b87-11e7-a2b5-204747335338', 'c1f44191-3b42-11e7-a2b5-204747335338', 'ed1679d5-3b84-11e7-a2b5-204747335338', 'e47c6405-368a-11e7-b904-204747335338', 40.00, '2017-05-18 00:07:59', '2017-05-18 00:11:00', NULL),
	('f65784a8-3b87-11e7-a2b5-204747335338', 'c1f44253-3b42-11e7-a2b5-204747335338', 'ed1679d5-3b84-11e7-a2b5-204747335338', 'e47c6405-368a-11e7-b904-204747335338', 40.00, '2017-05-18 00:07:59', '2017-05-18 00:11:00', NULL),
	('f6578515-3b87-11e7-a2b5-204747335338', 'c1f442ea-3b42-11e7-a2b5-204747335338', 'ed1679d5-3b84-11e7-a2b5-204747335338', 'e47c6405-368a-11e7-b904-204747335338', 40.00, '2017-05-18 00:07:59', '2017-05-18 00:11:00', NULL),
	('f65785ab-3b87-11e7-a2b5-204747335338', 'c1f44386-3b42-11e7-a2b5-204747335338', 'ed1679d5-3b84-11e7-a2b5-204747335338', 'e47c6405-368a-11e7-b904-204747335338', 40.00, '2017-05-18 00:07:59', '2017-05-18 00:11:00', NULL),
	('f6578624-3b87-11e7-a2b5-204747335338', 'c1f44417-3b42-11e7-a2b5-204747335338', 'ed1679d5-3b84-11e7-a2b5-204747335338', 'e47c6405-368a-11e7-b904-204747335338', 45.00, '2017-05-18 00:07:59', '2017-05-18 00:11:00', NULL),
	('f6578697-3b87-11e7-a2b5-204747335338', 'c1f444a8-3b42-11e7-a2b5-204747335338', 'ed1679d5-3b84-11e7-a2b5-204747335338', 'e47c6405-368a-11e7-b904-204747335338', 45.00, '2017-05-18 00:07:59', '2017-05-18 00:11:00', NULL),
	('f6578704-3b87-11e7-a2b5-204747335338', 'c1f44545-3b42-11e7-a2b5-204747335338', 'ed1679d5-3b84-11e7-a2b5-204747335338', 'e47c6405-368a-11e7-b904-204747335338', 40.00, '2017-05-18 00:07:59', '2017-05-18 00:11:00', NULL),
	('f6578770-3b87-11e7-a2b5-204747335338', 'c1f446ce-3b42-11e7-a2b5-204747335338', 'ed1679d5-3b84-11e7-a2b5-204747335338', 'e47c6405-368a-11e7-b904-204747335338', 40.00, '2017-05-18 00:07:59', '2017-05-18 00:11:00', NULL),
	('f65787e3-3b87-11e7-a2b5-204747335338', 'c1f447a1-3b42-11e7-a2b5-204747335338', 'ed1679d5-3b84-11e7-a2b5-204747335338', 'e47c6405-368a-11e7-b904-204747335338', 40.00, '2017-05-18 00:07:59', '2017-05-18 00:11:00', NULL),
	('f6578850-3b87-11e7-a2b5-204747335338', 'c1f44838-3b42-11e7-a2b5-204747335338', 'ed1679d5-3b84-11e7-a2b5-204747335338', 'e47c6405-368a-11e7-b904-204747335338', 40.00, '2017-05-18 00:07:59', '2017-05-18 00:11:00', NULL),
	('f65788b6-3b87-11e7-a2b5-204747335338', 'c1f448c9-3b42-11e7-a2b5-204747335338', 'ed1679d5-3b84-11e7-a2b5-204747335338', 'e47c6405-368a-11e7-b904-204747335338', 40.00, '2017-05-18 00:07:59', '2017-05-18 00:11:00', NULL),
	('f6578929-3b87-11e7-a2b5-204747335338', 'c1f44960-3b42-11e7-a2b5-204747335338', 'ed1679d5-3b84-11e7-a2b5-204747335338', 'e47c6405-368a-11e7-b904-204747335338', 40.00, '2017-05-18 00:07:59', '2017-05-18 00:11:00', NULL),
	('f65789a2-3b87-11e7-a2b5-204747335338', 'c1f449f7-3b42-11e7-a2b5-204747335338', 'ed1679d5-3b84-11e7-a2b5-204747335338', 'e47c6405-368a-11e7-b904-204747335338', 40.00, '2017-05-18 00:07:59', '2017-05-18 00:11:00', NULL),
	('f6578a0e-3b87-11e7-a2b5-204747335338', 'c1f44a8e-3b42-11e7-a2b5-204747335338', 'ed1679d5-3b84-11e7-a2b5-204747335338', 'e47c6405-368a-11e7-b904-204747335338', 35.00, '2017-05-18 00:07:59', '2017-05-18 00:11:00', NULL),
	('f6578a7b-3b87-11e7-a2b5-204747335338', 'c1f44b1f-3b42-11e7-a2b5-204747335338', 'ed1679d5-3b84-11e7-a2b5-204747335338', 'e47c6405-368a-11e7-b904-204747335338', 35.00, '2017-05-18 00:07:59', '2017-05-18 00:11:00', NULL),
	('f6578ae8-3b87-11e7-a2b5-204747335338', 'c1f44bb5-3b42-11e7-a2b5-204747335338', 'ed1679d5-3b84-11e7-a2b5-204747335338', 'e47c6405-368a-11e7-b904-204747335338', 35.00, '2017-05-18 00:07:59', '2017-05-18 00:11:00', NULL),
	('f6578b5a-3b87-11e7-a2b5-204747335338', 'c1f44c46-3b42-11e7-a2b5-204747335338', 'ed1679d5-3b84-11e7-a2b5-204747335338', 'e47c6405-368a-11e7-b904-204747335338', 25.00, '2017-05-18 00:07:59', '2017-05-18 00:11:00', NULL),
	('f6578bc7-3b87-11e7-a2b5-204747335338', 'c1f44cdd-3b42-11e7-a2b5-204747335338', 'ed1679d5-3b84-11e7-a2b5-204747335338', 'e47c6405-368a-11e7-b904-204747335338', 25.00, '2017-05-18 00:07:59', '2017-05-18 00:11:00', NULL),
	('f6578c40-3b87-11e7-a2b5-204747335338', 'c1f44d6e-3b42-11e7-a2b5-204747335338', 'ed1679d5-3b84-11e7-a2b5-204747335338', 'e47c6405-368a-11e7-b904-204747335338', 25.00, '2017-05-18 00:07:59', '2017-05-18 00:11:00', NULL),
	('f6578cf5-3b87-11e7-a2b5-204747335338', 'c1f44dff-3b42-11e7-a2b5-204747335338', 'ed1679d5-3b84-11e7-a2b5-204747335338', 'e47c6405-368a-11e7-b904-204747335338', 15.00, '2017-05-18 00:07:59', '2017-05-18 00:11:00', NULL),
	('f6578d6e-3b87-11e7-a2b5-204747335338', 'c1f44e90-3b42-11e7-a2b5-204747335338', 'ed1679d5-3b84-11e7-a2b5-204747335338', 'e47c6405-368a-11e7-b904-204747335338', 10.00, '2017-05-18 00:07:59', '2017-05-18 00:11:00', NULL),
	('f6578dda-3b87-11e7-a2b5-204747335338', 'c1f44f1b-3b42-11e7-a2b5-204747335338', 'ed1679d5-3b84-11e7-a2b5-204747335338', 'e47c6405-368a-11e7-b904-204747335338', 30.00, '2017-05-18 00:07:59', '2017-05-18 00:11:00', NULL),
	('f6578e4d-3b87-11e7-a2b5-204747335338', 'c1f44fb2-3b42-11e7-a2b5-204747335338', '604a3263-3b86-11e7-a2b5-204747335338', 'e47c6405-368a-11e7-b904-204747335338', 18.00, '2017-05-18 00:07:59', '2017-05-18 00:11:00', NULL),
	('f6578ec0-3b87-11e7-a2b5-204747335338', 'c1f45049-3b42-11e7-a2b5-204747335338', '604a3263-3b86-11e7-a2b5-204747335338', 'e47c6405-368a-11e7-b904-204747335338', 15.00, '2017-05-18 00:07:59', '2017-05-18 00:11:00', NULL),
	('f6578f2d-3b87-11e7-a2b5-204747335338', 'c1f450d4-3b42-11e7-a2b5-204747335338', '604a3263-3b86-11e7-a2b5-204747335338', 'e47c6405-368a-11e7-b904-204747335338', 15.00, '2017-05-18 00:07:59', '2017-05-18 00:11:00', NULL),
	('f6578fa5-3b87-11e7-a2b5-204747335338', 'c1f45165-3b42-11e7-a2b5-204747335338', '604a3263-3b86-11e7-a2b5-204747335338', 'e47c6405-368a-11e7-b904-204747335338', 18.00, '2017-05-18 00:07:59', '2017-05-18 00:11:00', NULL),
	('f6579012-3b87-11e7-a2b5-204747335338', 'c1f451f5-3b42-11e7-a2b5-204747335338', 'ed1679d5-3b84-11e7-a2b5-204747335338', 'e47c6405-368a-11e7-b904-204747335338', 15.00, '2017-05-18 00:07:59', '2017-05-18 00:11:00', NULL),
	('f6579085-3b87-11e7-a2b5-204747335338', 'c1f452b1-3b42-11e7-a2b5-204747335338', 'ed1679d5-3b84-11e7-a2b5-204747335338', 'e47c6405-368a-11e7-b904-204747335338', 15.00, '2017-05-18 00:07:59', '2017-05-18 00:11:00', NULL),
	('f65790f1-3b87-11e7-a2b5-204747335338', 'c1f45348-3b42-11e7-a2b5-204747335338', 'ed1679d5-3b84-11e7-a2b5-204747335338', 'e47c6405-368a-11e7-b904-204747335338', 15.00, '2017-05-18 00:07:59', '2017-05-18 00:11:00', NULL),
	('f657917c-3b87-11e7-a2b5-204747335338', 'c1f45427-3b42-11e7-a2b5-204747335338', 'ed1679d5-3b84-11e7-a2b5-204747335338', 'e47c6405-368a-11e7-b904-204747335338', 10.00, '2017-05-18 00:07:59', '2017-05-18 00:11:00', NULL),
	('f65791f5-3b87-11e7-a2b5-204747335338', 'c1f4551e-3b42-11e7-a2b5-204747335338', 'ed1679d5-3b84-11e7-a2b5-204747335338', 'e47c6405-368a-11e7-b904-204747335338', 10.00, '2017-05-18 00:07:59', '2017-05-18 00:11:00', NULL),
	('f6579274-3b87-11e7-a2b5-204747335338', 'c1f4561c-3b42-11e7-a2b5-204747335338', 'ed1679d5-3b84-11e7-a2b5-204747335338', 'e47c6405-368a-11e7-b904-204747335338', 25.00, '2017-05-18 00:07:59', '2017-05-18 00:11:00', NULL),
	('f65792e0-3b87-11e7-a2b5-204747335338', 'c1f45720-3b42-11e7-a2b5-204747335338', 'ed1679d5-3b84-11e7-a2b5-204747335338', 'e47c6405-368a-11e7-b904-204747335338', 25.00, '2017-05-18 00:07:59', '2017-05-18 00:11:00', NULL),
	('f6579353-3b87-11e7-a2b5-204747335338', 'c1f457cf-3b42-11e7-a2b5-204747335338', 'ed1679d5-3b84-11e7-a2b5-204747335338', 'e47c6405-368a-11e7-b904-204747335338', 10.00, '2017-05-18 00:07:59', '2017-05-18 00:11:00', NULL),
	('f65793c0-3b87-11e7-a2b5-204747335338', 'c1f45860-3b42-11e7-a2b5-204747335338', 'ed1679d5-3b84-11e7-a2b5-204747335338', 'e47c6405-368a-11e7-b904-204747335338', 10.00, '2017-05-18 00:07:59', '2017-05-18 00:11:00', NULL),
	('f657942c-3b87-11e7-a2b5-204747335338', 'c1f458f7-3b42-11e7-a2b5-204747335338', 'ed1679d5-3b84-11e7-a2b5-204747335338', 'e47c6405-368a-11e7-b904-204747335338', 10.00, '2017-05-18 00:07:59', '2017-05-18 00:11:00', NULL),
	('f657949f-3b87-11e7-a2b5-204747335338', 'c1f4598d-3b42-11e7-a2b5-204747335338', 'ed1679d5-3b84-11e7-a2b5-204747335338', 'e47c6405-368a-11e7-b904-204747335338', 10.00, '2017-05-18 00:07:59', '2017-05-18 00:11:00', NULL),
	('f657950c-3b87-11e7-a2b5-204747335338', 'c1f45a24-3b42-11e7-a2b5-204747335338', 'ed1679d5-3b84-11e7-a2b5-204747335338', 'e47c6405-368a-11e7-b904-204747335338', 15.00, '2017-05-18 00:07:59', '2017-05-18 00:11:00', NULL),
	('f6579579-3b87-11e7-a2b5-204747335338', 'c1f45ac1-3b42-11e7-a2b5-204747335338', 'ed1679d5-3b84-11e7-a2b5-204747335338', 'e47c6405-368a-11e7-b904-204747335338', 15.00, '2017-05-18 00:07:59', '2017-05-18 00:11:00', NULL),
	('f6579731-3b87-11e7-a2b5-204747335338', 'c1f45b58-3b42-11e7-a2b5-204747335338', 'ed1679d5-3b84-11e7-a2b5-204747335338', 'e47c6405-368a-11e7-b904-204747335338', 40.00, '2017-05-18 00:07:59', '2017-05-18 00:11:00', NULL),
	('f65797ce-3b87-11e7-a2b5-204747335338', 'c1f45be9-3b42-11e7-a2b5-204747335338', 'ed1679d5-3b84-11e7-a2b5-204747335338', 'e47c6405-368a-11e7-b904-204747335338', 40.00, '2017-05-18 00:07:59', '2017-05-18 00:11:00', NULL),
	('f6579841-3b87-11e7-a2b5-204747335338', 'c1f45c8c-3b42-11e7-a2b5-204747335338', 'ed1679d5-3b84-11e7-a2b5-204747335338', 'e47c6405-368a-11e7-b904-204747335338', 60.00, '2017-05-18 00:07:59', '2017-05-18 00:11:00', NULL),
	('f65798ae-3b87-11e7-a2b5-204747335338', 'c1f45d17-3b42-11e7-a2b5-204747335338', 'ed1679d5-3b84-11e7-a2b5-204747335338', 'e47c6405-368a-11e7-b904-204747335338', 60.00, '2017-05-18 00:07:59', '2017-05-18 00:11:00', NULL),
	('f6579951-3b87-11e7-a2b5-204747335338', 'c1f45da8-3b42-11e7-a2b5-204747335338', 'ed1679d5-3b84-11e7-a2b5-204747335338', 'e47c6405-368a-11e7-b904-204747335338', 60.00, '2017-05-18 00:07:59', '2017-05-18 00:11:00', NULL),
	('f65799c3-3b87-11e7-a2b5-204747335338', 'c1f45e39-3b42-11e7-a2b5-204747335338', 'ed1679d5-3b84-11e7-a2b5-204747335338', 'e47c6405-368a-11e7-b904-204747335338', 40.00, '2017-05-18 00:07:59', '2017-05-18 00:11:00', NULL),
	('f6579a36-3b87-11e7-a2b5-204747335338', 'c1f900d2-3b42-11e7-a2b5-204747335338', 'ed1679d5-3b84-11e7-a2b5-204747335338', 'e47c6405-368a-11e7-b904-204747335338', 60.00, '2017-05-18 00:07:59', '2017-05-18 00:11:00', NULL),
	('f6579aa3-3b87-11e7-a2b5-204747335338', 'c1f90284-3b42-11e7-a2b5-204747335338', 'ed1679d5-3b84-11e7-a2b5-204747335338', 'e47c6405-368a-11e7-b904-204747335338', 60.00, '2017-05-18 00:07:59', '2017-05-18 00:11:00', NULL),
	('f6579b0f-3b87-11e7-a2b5-204747335338', 'c1f90352-3b42-11e7-a2b5-204747335338', 'ed1679d5-3b84-11e7-a2b5-204747335338', 'e47c6405-368a-11e7-b904-204747335338', 60.00, '2017-05-18 00:07:59', '2017-05-18 00:11:00', NULL),
	('f6579b7c-3b87-11e7-a2b5-204747335338', 'c1f90498-3b42-11e7-a2b5-204747335338', 'ed1679d5-3b84-11e7-a2b5-204747335338', 'e47c6405-368a-11e7-b904-204747335338', 40.00, '2017-05-18 00:07:59', '2017-05-18 00:11:00', NULL),
	('f6579be9-3b87-11e7-a2b5-204747335338', 'c1f90595-3b42-11e7-a2b5-204747335338', 'ed1679d5-3b84-11e7-a2b5-204747335338', 'e47c6405-368a-11e7-b904-204747335338', 60.00, '2017-05-18 00:07:59', '2017-05-18 00:11:00', NULL),
	('f6579c55-3b87-11e7-a2b5-204747335338', 'c1f90699-3b42-11e7-a2b5-204747335338', 'ed1679d5-3b84-11e7-a2b5-204747335338', 'e47c6405-368a-11e7-b904-204747335338', 40.00, '2017-05-18 00:07:59', '2017-05-18 00:11:00', NULL),
	('f6579cc8-3b87-11e7-a2b5-204747335338', 'c1f9079d-3b42-11e7-a2b5-204747335338', 'ed1679d5-3b84-11e7-a2b5-204747335338', 'e47c6405-368a-11e7-b904-204747335338', 40.00, '2017-05-18 00:07:59', '2017-05-18 00:11:00', NULL),
	('f6579d35-3b87-11e7-a2b5-204747335338', 'c1f9083a-3b42-11e7-a2b5-204747335338', 'ed1679d5-3b84-11e7-a2b5-204747335338', 'e47c6405-368a-11e7-b904-204747335338', 40.00, '2017-05-18 00:07:59', '2017-05-18 00:11:00', NULL),
	('f6579da2-3b87-11e7-a2b5-204747335338', 'c1f908d0-3b42-11e7-a2b5-204747335338', 'ed1679d5-3b84-11e7-a2b5-204747335338', 'e47c6405-368a-11e7-b904-204747335338', 40.00, '2017-05-18 00:07:59', '2017-05-18 00:11:00', NULL),
	('f6579e0e-3b87-11e7-a2b5-204747335338', 'c1f90961-3b42-11e7-a2b5-204747335338', 'ed1679d5-3b84-11e7-a2b5-204747335338', 'e47c6405-368a-11e7-b904-204747335338', 40.00, '2017-05-18 00:07:59', '2017-05-18 00:11:00', NULL),
	('f6579e7b-3b87-11e7-a2b5-204747335338', 'c1f909f8-3b42-11e7-a2b5-204747335338', 'ed1679d5-3b84-11e7-a2b5-204747335338', 'e47c6405-368a-11e7-b904-204747335338', 40.00, '2017-05-18 00:07:59', '2017-05-18 00:11:00', NULL),
	('f6579ee8-3b87-11e7-a2b5-204747335338', 'c1f90aa1-3b42-11e7-a2b5-204747335338', 'ed1679d5-3b84-11e7-a2b5-204747335338', 'e47c6405-368a-11e7-b904-204747335338', 40.00, '2017-05-18 00:07:59', '2017-05-18 00:11:00', NULL),
	('f6579f54-3b87-11e7-a2b5-204747335338', 'c1f915ff-3b42-11e7-a2b5-204747335338', 'ed1679d5-3b84-11e7-a2b5-204747335338', 'e47c6405-368a-11e7-b904-204747335338', 40.00, '2017-05-18 00:07:59', '2017-05-18 00:11:00', NULL),
	('f657a4f7-3b87-11e7-a2b5-204747335338', 'c1f91764-3b42-11e7-a2b5-204747335338', 'ed1679d5-3b84-11e7-a2b5-204747335338', 'e47c6405-368a-11e7-b904-204747335338', 40.00, '2017-05-18 00:07:59', '2017-05-18 00:11:00', NULL),
	('f657a594-3b87-11e7-a2b5-204747335338', 'c1f9186d-3b42-11e7-a2b5-204747335338', 'ed1679d5-3b84-11e7-a2b5-204747335338', 'e47c6405-368a-11e7-b904-204747335338', 40.00, '2017-05-18 00:07:59', '2017-05-18 00:11:00', NULL),
	('f657a607-3b87-11e7-a2b5-204747335338', 'c1f91965-3b42-11e7-a2b5-204747335338', 'ed1679d5-3b84-11e7-a2b5-204747335338', 'e47c6405-368a-11e7-b904-204747335338', 40.00, '2017-05-18 00:07:59', '2017-05-18 00:11:00', NULL),
	('f657a67a-3b87-11e7-a2b5-204747335338', 'c1f91a5c-3b42-11e7-a2b5-204747335338', 'ed1679d5-3b84-11e7-a2b5-204747335338', 'e47c6405-368a-11e7-b904-204747335338', 40.00, '2017-05-18 00:07:59', '2017-05-18 00:11:00', NULL),
	('f657a6e6-3b87-11e7-a2b5-204747335338', 'c1f91b4e-3b42-11e7-a2b5-204747335338', 'ed1679d5-3b84-11e7-a2b5-204747335338', 'e47c6405-368a-11e7-b904-204747335338', 40.00, '2017-05-18 00:07:59', '2017-05-18 00:11:00', NULL),
	('f657a759-3b87-11e7-a2b5-204747335338', 'c1f91c4b-3b42-11e7-a2b5-204747335338', 'ed1679d5-3b84-11e7-a2b5-204747335338', 'e47c6405-368a-11e7-b904-204747335338', 40.00, '2017-05-18 00:07:59', '2017-05-18 00:11:00', NULL),
	('f657a7c6-3b87-11e7-a2b5-204747335338', 'c1f91d3d-3b42-11e7-a2b5-204747335338', 'ed1679d5-3b84-11e7-a2b5-204747335338', 'e47c6405-368a-11e7-b904-204747335338', 60.00, '2017-05-18 00:07:59', '2017-05-18 00:11:00', NULL),
	('f657a832-3b87-11e7-a2b5-204747335338', 'c1f91e28-3b42-11e7-a2b5-204747335338', 'ed1679d5-3b84-11e7-a2b5-204747335338', 'e47c6405-368a-11e7-b904-204747335338', 40.00, '2017-05-18 00:07:59', '2017-05-18 00:11:00', NULL),
	('f657a89f-3b87-11e7-a2b5-204747335338', 'c1f91f62-3b42-11e7-a2b5-204747335338', 'ed1679d5-3b84-11e7-a2b5-204747335338', 'e47c6405-368a-11e7-b904-204747335338', 50.00, '2017-05-18 00:07:59', '2017-05-18 00:11:00', NULL),
	('f657a912-3b87-11e7-a2b5-204747335338', 'c1f9206c-3b42-11e7-a2b5-204747335338', 'ed1679d5-3b84-11e7-a2b5-204747335338', 'e47c6405-368a-11e7-b904-204747335338', 50.00, '2017-05-18 00:07:59', '2017-05-18 00:11:00', NULL),
	('f657a97e-3b87-11e7-a2b5-204747335338', 'c1f921a0-3b42-11e7-a2b5-204747335338', 'ed1679d5-3b84-11e7-a2b5-204747335338', 'e47c6405-368a-11e7-b904-204747335338', 30.00, '2017-05-18 00:07:59', '2017-05-18 00:11:00', NULL),
	('f657a9eb-3b87-11e7-a2b5-204747335338', 'c1f92285-3b42-11e7-a2b5-204747335338', 'ed1679d5-3b84-11e7-a2b5-204747335338', 'e47c6405-368a-11e7-b904-204747335338', 50.00, '2017-05-18 00:07:59', '2017-05-18 00:11:00', NULL),
	('f657aa5e-3b87-11e7-a2b5-204747335338', 'c1f92383-3b42-11e7-a2b5-204747335338', 'ed1679d5-3b84-11e7-a2b5-204747335338', 'e47c6405-368a-11e7-b904-204747335338', 60.00, '2017-05-18 00:07:59', '2017-05-18 00:11:00', NULL),
	('f657aad0-3b87-11e7-a2b5-204747335338', 'c1f92480-3b42-11e7-a2b5-204747335338', 'ed1679d5-3b84-11e7-a2b5-204747335338', 'e47c6405-368a-11e7-b904-204747335338', 60.00, '2017-05-18 00:07:59', '2017-05-18 00:11:00', NULL),
	('f657ab3d-3b87-11e7-a2b5-204747335338', 'c1f92578-3b42-11e7-a2b5-204747335338', 'ed1679d5-3b84-11e7-a2b5-204747335338', 'e47c6405-368a-11e7-b904-204747335338', 40.00, '2017-05-18 00:07:59', '2017-05-18 00:11:00', NULL),
	('f657abaa-3b87-11e7-a2b5-204747335338', 'c1f9267c-3b42-11e7-a2b5-204747335338', 'ed1679d5-3b84-11e7-a2b5-204747335338', 'e47c6405-368a-11e7-b904-204747335338', 40.00, '2017-05-18 00:07:59', '2017-05-18 00:11:00', NULL),
	('f657acd8-3b87-11e7-a2b5-204747335338', 'c1f92773-3b42-11e7-a2b5-204747335338', 'ed1679d5-3b84-11e7-a2b5-204747335338', 'e47c6405-368a-11e7-b904-204747335338', 40.00, '2017-05-18 00:07:59', '2017-05-18 00:11:00', NULL),
	('f657ad4a-3b87-11e7-a2b5-204747335338', 'c1f92871-3b42-11e7-a2b5-204747335338', 'ed1679d5-3b84-11e7-a2b5-204747335338', 'e47c6405-368a-11e7-b904-204747335338', 60.00, '2017-05-18 00:07:59', '2017-05-18 00:11:00', NULL),
	('f657adb7-3b87-11e7-a2b5-204747335338', 'c1f92962-3b42-11e7-a2b5-204747335338', 'ed1679d5-3b84-11e7-a2b5-204747335338', 'e47c6405-368a-11e7-b904-204747335338', 60.00, '2017-05-18 00:07:59', '2017-05-18 00:11:00', NULL),
	('f657ae24-3b87-11e7-a2b5-204747335338', 'c1f92a54-3b42-11e7-a2b5-204747335338', 'ed1679d5-3b84-11e7-a2b5-204747335338', 'e47c6405-368a-11e7-b904-204747335338', 40.00, '2017-05-18 00:07:59', '2017-05-18 00:11:00', NULL),
	('f657aeaf-3b87-11e7-a2b5-204747335338', 'c1f92b4b-3b42-11e7-a2b5-204747335338', 'ed1679d5-3b84-11e7-a2b5-204747335338', 'e47c6405-368a-11e7-b904-204747335338', 40.00, '2017-05-18 00:07:59', '2017-05-18 00:11:00', NULL),
	('f657af21-3b87-11e7-a2b5-204747335338', 'c1f92c43-3b42-11e7-a2b5-204747335338', 'ed1679d5-3b84-11e7-a2b5-204747335338', 'e47c6405-368a-11e7-b904-204747335338', 40.00, '2017-05-18 00:07:59', '2017-05-18 00:11:00', NULL),
	('f65efcab-3b87-11e7-a2b5-204747335338', 'c1f92d3a-3b42-11e7-a2b5-204747335338', 'ed1679d5-3b84-11e7-a2b5-204747335338', 'e47c6405-368a-11e7-b904-204747335338', 40.00, '2017-05-18 00:07:59', '2017-05-18 00:11:00', NULL),
	('f65efeca-3b87-11e7-a2b5-204747335338', 'c1f92e32-3b42-11e7-a2b5-204747335338', 'ed1679d5-3b84-11e7-a2b5-204747335338', 'e47c6405-368a-11e7-b904-204747335338', 40.00, '2017-05-18 00:07:59', '2017-05-18 00:11:00', NULL),
	('f65effe0-3b87-11e7-a2b5-204747335338', 'c1f92f29-3b42-11e7-a2b5-204747335338', 'ed1679d5-3b84-11e7-a2b5-204747335338', 'e47c6405-368a-11e7-b904-204747335338', 40.00, '2017-05-18 00:07:59', '2017-05-18 00:11:00', NULL),
	('f65f00a1-3b87-11e7-a2b5-204747335338', 'c1f9301b-3b42-11e7-a2b5-204747335338', 'ed1679d5-3b84-11e7-a2b5-204747335338', 'e47c6405-368a-11e7-b904-204747335338', 40.00, '2017-05-18 00:07:59', '2017-05-18 00:11:00', NULL),
	('f65f015c-3b87-11e7-a2b5-204747335338', 'c1f9310c-3b42-11e7-a2b5-204747335338', 'ed1679d5-3b84-11e7-a2b5-204747335338', 'e47c6405-368a-11e7-b904-204747335338', 40.00, '2017-05-18 00:07:59', '2017-05-18 00:11:00', NULL),
	('f65f01ed-3b87-11e7-a2b5-204747335338', 'c1f931f8-3b42-11e7-a2b5-204747335338', 'ed1679d5-3b84-11e7-a2b5-204747335338', 'e47c6405-368a-11e7-b904-204747335338', 60.00, '2017-05-18 00:07:59', '2017-05-18 00:11:00', NULL),
	('f65f0278-3b87-11e7-a2b5-204747335338', 'c1f932dd-3b42-11e7-a2b5-204747335338', 'ed1679d5-3b84-11e7-a2b5-204747335338', 'e47c6405-368a-11e7-b904-204747335338', 40.00, '2017-05-18 00:07:59', '2017-05-18 00:11:00', NULL),
	('f65f032d-3b87-11e7-a2b5-204747335338', 'c1f933db-3b42-11e7-a2b5-204747335338', 'ed1679d5-3b84-11e7-a2b5-204747335338', 'e47c6405-368a-11e7-b904-204747335338', 40.00, '2017-05-18 00:07:59', '2017-05-18 00:11:00', NULL),
	('f65f03b8-3b87-11e7-a2b5-204747335338', 'c1f934f1-3b42-11e7-a2b5-204747335338', 'ed1679d5-3b84-11e7-a2b5-204747335338', 'e47c6405-368a-11e7-b904-204747335338', 60.00, '2017-05-18 00:07:59', '2017-05-18 00:11:00', NULL),
	('f65f044f-3b87-11e7-a2b5-204747335338', 'c1f935e8-3b42-11e7-a2b5-204747335338', 'ed1679d5-3b84-11e7-a2b5-204747335338', 'e47c6405-368a-11e7-b904-204747335338', 40.00, '2017-05-18 00:07:59', '2017-05-18 00:11:00', NULL);
/*!40000 ALTER TABLE `tbl_caracteristicasitem` ENABLE KEYS */;


-- Volcando estructura para tabla bd_guajiro.tbl_comandas
CREATE TABLE IF NOT EXISTS `tbl_comandas` (
  `idcomanda` varchar(50) NOT NULL,
  `fecha` datetime DEFAULT NULL,
  `num_comanda` int(11) NOT NULL AUTO_INCREMENT,
  `idmesa` varchar(50) DEFAULT NULL,
  `total` decimal(10,2) DEFAULT NULL,
  `para_llevar` bit(1) DEFAULT NULL,
  `idpersona` varchar(50) DEFAULT NULL,
  `crea_usuario` varchar(50) DEFAULT NULL,
  `fecha_creacion` datetime DEFAULT CURRENT_TIMESTAMP,
  `fecha_modificacion` datetime DEFAULT NULL ON UPDATE CURRENT_TIMESTAMP,
  PRIMARY KEY (`idcomanda`),
  KEY `num_comanda` (`num_comanda`)
) ENGINE=InnoDB AUTO_INCREMENT=10 DEFAULT CHARSET=utf8;

-- Volcando datos para la tabla bd_guajiro.tbl_comandas: ~9 rows (aproximadamente)
/*!40000 ALTER TABLE `tbl_comandas` DISABLE KEYS */;
INSERT INTO `tbl_comandas` (`idcomanda`, `fecha`, `num_comanda`, `idmesa`, `total`, `para_llevar`, `idpersona`, `crea_usuario`, `fecha_creacion`, `fecha_modificacion`) VALUES
	('05229778-2b76-49eb-ae70-b3aaed63b10d', '2018-01-22 21:39:20', 7, '1e2164b4-83a4-11e7-b695-204747335338', 180.00, b'0', '1c87a56f-e479-11e7-8cd6-204747335338', 'c7bfeac8-3c10-11e7-a2b5-204747335338', '2018-01-22 21:43:16', '2018-01-25 23:35:04'),
	('59eb7d11-4bd4-45de-aac3-f9ca982bbde4', '2018-01-25 00:00:00', 8, '1e23f0fd-83a4-11e7-b695-204747335338', 45.00, b'0', '1c87a56f-e479-11e7-8cd6-204747335338', 'c7bfeac8-3c10-11e7-a2b5-204747335338', '2018-01-25 23:02:19', NULL),
	('6928c1c3-7908-464e-b211-d5c0e148e8a1', '2017-12-12 23:26:35', 4, '1cc7415e-e484-11e7-8cd6-204747335338', 100.00, b'1', '1c87a56f-e479-11e7-8cd6-204747335338', 'c7bfeac8-3c10-11e7-a2b5-204747335338', '2017-12-12 23:27:22', '2017-12-19 00:17:02'),
	('6de21753-bde2-4a93-b055-457f9e92bdaf', '2017-12-17 00:11:36', 5, '1e2164b4-83a4-11e7-b695-204747335338', 45.00, b'0', '3ec57991-da4a-11e7-9155-204747335338', 'c7bfeac8-3c10-11e7-a2b5-204747335338', '2017-12-17 00:12:52', '2017-12-18 22:58:33'),
	('d079e7b3-a0a4-4a6a-bfa0-ce83a1cc61ee', '2017-12-11 01:05:23', 1, '1e2164b4-83a4-11e7-b695-204747335338', 80.00, b'0', '1c87a56f-e479-11e7-8cd6-204747335338', 'c7bfeac8-3c10-11e7-a2b5-204747335338', '2017-12-11 01:06:16', '2017-12-18 22:57:50'),
	('d35ec7f9-35dc-492a-8706-8d08f711772d', '2017-12-11 01:24:30', 3, '1e2164b4-83a4-11e7-b695-204747335338', 50.00, b'0', '954b649c-3c10-11e7-a2b5-204747335338', 'c7bfeac8-3c10-11e7-a2b5-204747335338', '2017-12-11 01:25:08', '2017-12-18 22:58:22'),
	('dc7338c5-d347-4fc7-9877-d5acc1619dea', '2017-12-22 23:54:43', 6, '1e23ebae-83a4-11e7-b695-204747335338', 170.00, b'0', '1c87a56f-e479-11e7-8cd6-204747335338', 'c7bfeac8-3c10-11e7-a2b5-204747335338', '2017-12-22 23:57:46', '2017-12-23 00:00:10'),
	('e48a8fe0-8adc-43ad-a711-4670e80b2381', '2018-01-25 23:15:13', 9, '1cc7415e-e484-11e7-8cd6-204747335338', 45.00, b'0', '1c87a56f-e479-11e7-8cd6-204747335338', 'c7bfeac8-3c10-11e7-a2b5-204747335338', '2018-01-25 23:16:15', '2018-01-25 23:34:32'),
	('e9e4f5e3-046e-4aeb-9894-6ee0de543c18', '2017-12-11 01:11:14', 2, '1e2164b4-83a4-11e7-b695-204747335338', 70.00, b'0', '1c87a56f-e479-11e7-8cd6-204747335338', 'c7bfeac8-3c10-11e7-a2b5-204747335338', '2017-12-11 01:12:08', '2017-12-18 22:57:53');
/*!40000 ALTER TABLE `tbl_comandas` ENABLE KEYS */;


-- Volcando estructura para tabla bd_guajiro.tbl_corte
CREATE TABLE IF NOT EXISTS `tbl_corte` (
  `idcorte` varchar(50) NOT NULL DEFAULT '',
  `dias` int(11) DEFAULT NULL,
  `fecha` datetime DEFAULT NULL,
  `total_ingreso` decimal(10,2) DEFAULT NULL,
  `total_egreso` decimal(10,2) DEFAULT NULL,
  `saldo_corte` decimal(10,2) DEFAULT NULL,
  `fecha_creacion` datetime DEFAULT CURRENT_TIMESTAMP,
  `fecha_modificacion` datetime DEFAULT NULL ON UPDATE CURRENT_TIMESTAMP,
  `crea_usuario` varchar(50) DEFAULT NULL,
  PRIMARY KEY (`idcorte`)
) ENGINE=InnoDB DEFAULT CHARSET=utf8;

-- Volcando datos para la tabla bd_guajiro.tbl_corte: ~0 rows (aproximadamente)
/*!40000 ALTER TABLE `tbl_corte` DISABLE KEYS */;
/*!40000 ALTER TABLE `tbl_corte` ENABLE KEYS */;


-- Volcando estructura para tabla bd_guajiro.tbl_corte_mov
CREATE TABLE IF NOT EXISTS `tbl_corte_mov` (
  `idcortemov` int(11) NOT NULL AUTO_INCREMENT,
  `idcorte` varchar(50) DEFAULT NULL,
  `idmovimiento` varchar(50) DEFAULT NULL,
  PRIMARY KEY (`idcortemov`),
  KEY `FK_tbl_corte_mov_tbl_corte` (`idcorte`),
  KEY `FK_tbl_corte_mov_tbl_movimientos` (`idmovimiento`),
  CONSTRAINT `FK_tbl_corte_mov_tbl_corte` FOREIGN KEY (`idcorte`) REFERENCES `tbl_corte` (`idcorte`),
  CONSTRAINT `FK_tbl_corte_mov_tbl_movimientos` FOREIGN KEY (`idmovimiento`) REFERENCES `tbl_movimientos` (`idmovimiento`)
) ENGINE=InnoDB DEFAULT CHARSET=utf8;

-- Volcando datos para la tabla bd_guajiro.tbl_corte_mov: ~0 rows (aproximadamente)
/*!40000 ALTER TABLE `tbl_corte_mov` DISABLE KEYS */;
/*!40000 ALTER TABLE `tbl_corte_mov` ENABLE KEYS */;


-- Volcando estructura para tabla bd_guajiro.tbl_detallemenu
CREATE TABLE IF NOT EXISTS `tbl_detallemenu` (
  `iddetalle` varchar(50) NOT NULL,
  `idmenu` varchar(50) DEFAULT NULL,
  `iditem` varchar(50) DEFAULT NULL,
  PRIMARY KEY (`iddetalle`),
  KEY `FK_tbl_detallemenu_tbl_menudeldia` (`idmenu`),
  KEY `FK_tbl_detallemenu_tbl_items` (`iditem`),
  CONSTRAINT `FK_tbl_detallemenu_tbl_items` FOREIGN KEY (`iditem`) REFERENCES `tbl_items` (`iditem`) ON DELETE SET NULL ON UPDATE CASCADE,
  CONSTRAINT `FK_tbl_detallemenu_tbl_menudeldia` FOREIGN KEY (`idmenu`) REFERENCES `tbl_menudeldia` (`idmenu`) ON DELETE CASCADE ON UPDATE CASCADE
) ENGINE=InnoDB DEFAULT CHARSET=utf8;

-- Volcando datos para la tabla bd_guajiro.tbl_detallemenu: ~27 rows (aproximadamente)
/*!40000 ALTER TABLE `tbl_detallemenu` DISABLE KEYS */;
INSERT INTO `tbl_detallemenu` (`iddetalle`, `idmenu`, `iditem`) VALUES
	('011ed639-a3a7-4787-878a-cf03b732a263', 'd8f9de72-6502-42d6-b110-380abd4d5560', 'c1f44838-3b42-11e7-a2b5-204747335338'),
	('0370d93c-d7ae-4eb8-8bc3-e99ff0c33b36', 'ccae6972-cf45-46d4-8122-8714a176833e', 'c1f43cf2-3b42-11e7-a2b5-204747335338'),
	('0bd53dc2-bec7-4f08-b0af-0d5984ac8c7f', 'ccae6972-cf45-46d4-8122-8714a176833e', 'c1f44064-3b42-11e7-a2b5-204747335338'),
	('16e19b03-e7aa-4b11-8795-e229eb36ee1d', 'd8f9de72-6502-42d6-b110-380abd4d5560', 'c1f45d17-3b42-11e7-a2b5-204747335338'),
	('416d65fc-af6c-46f5-a7a1-d40b1cd200e6', 'd8f9de72-6502-42d6-b110-380abd4d5560', 'c1f9079d-3b42-11e7-a2b5-204747335338'),
	('457903f5-8a7b-4c32-993c-1aaaa8ac7958', 'ccae6972-cf45-46d4-8122-8714a176833e', 'c1f43c61-3b42-11e7-a2b5-204747335338'),
	('45b5cd2c-5dc0-4cbb-a5a8-d6e92f1a392c', 'ccae6972-cf45-46d4-8122-8714a176833e', 'c1f45ac1-3b42-11e7-a2b5-204747335338'),
	('4e0645ca-0af8-4851-967d-e0167538645c', 'd8f9de72-6502-42d6-b110-380abd4d5560', 'c1f44c46-3b42-11e7-a2b5-204747335338'),
	('4fb8cbe0-606d-4231-a9d9-ce134c80fa3c', 'd8f9de72-6502-42d6-b110-380abd4d5560', 'c1f45be9-3b42-11e7-a2b5-204747335338'),
	('58101ffc-05d1-40be-938e-a754df3d62f2', 'd8f9de72-6502-42d6-b110-380abd4d5560', 'c1f4328c-3b42-11e7-a2b5-204747335338'),
	('5f114a9d-f7c8-4ee8-aa1e-16440be5e99a', 'ccae6972-cf45-46d4-8122-8714a176833e', 'c1f43e1a-3b42-11e7-a2b5-204747335338'),
	('6eb66a49-a37e-4158-95d1-808a9974b2d7', 'ccae6972-cf45-46d4-8122-8714a176833e', 'c1f44f1b-3b42-11e7-a2b5-204747335338'),
	('7167e1b4-e5f7-4cd8-bec4-3e710d0c7d23', 'ccae6972-cf45-46d4-8122-8714a176833e', 'c1f43bbe-3b42-11e7-a2b5-204747335338'),
	('7439871c-cf50-43da-bda5-49ce4352fe73', 'd8f9de72-6502-42d6-b110-380abd4d5560', 'c1f44a8e-3b42-11e7-a2b5-204747335338'),
	('95f8f642-ae12-4b30-aad1-acf062b46feb', '14159f86-188a-4e27-a350-711db0b4c2e6', 'c1f45b58-3b42-11e7-a2b5-204747335338'),
	('a3c3c4c5-28ec-46d8-8d07-ec4c67880f2e', 'ccae6972-cf45-46d4-8122-8714a176833e', 'c1f43eab-3b42-11e7-a2b5-204747335338'),
	('a440d7f8-3a03-48ff-954f-40e139687eb2', 'ccae6972-cf45-46d4-8122-8714a176833e', 'c1f43f3c-3b42-11e7-a2b5-204747335338'),
	('b94adf00-ae0a-460f-8a2a-092c8afd7a07', 'ccae6972-cf45-46d4-8122-8714a176833e', 'c1f43fcd-3b42-11e7-a2b5-204747335338'),
	('c232fecb-4523-4db8-871f-4f62d794b235', 'ccae6972-cf45-46d4-8122-8714a176833e', 'c1f451f5-3b42-11e7-a2b5-204747335338'),
	('c55f346c-e6b7-4995-8446-4914cd8d972a', 'ccae6972-cf45-46d4-8122-8714a176833e', 'c1f44e90-3b42-11e7-a2b5-204747335338'),
	('c7f199ef-e235-11e7-9155-204747335338', '635ccee7-e232-11e7-9155-204747335338', 'c1f43bbe-3b42-11e7-a2b5-204747335338'),
	('c7f1a413-e235-11e7-9155-204747335338', '635ccee7-e232-11e7-9155-204747335338', 'c1f43f3c-3b42-11e7-a2b5-204747335338'),
	('c7f1a62c-e235-11e7-9155-204747335338', '635ccee7-e232-11e7-9155-204747335338', 'c1f44100-3b42-11e7-a2b5-204747335338'),
	('c7f1a6b7-e235-11e7-9155-204747335338', '635ccee7-e232-11e7-9155-204747335338', 'c1f44838-3b42-11e7-a2b5-204747335338'),
	('c881f8e0-3946-4fdf-b132-c9cb38660723', 'ccae6972-cf45-46d4-8122-8714a176833e', 'c1f43d89-3b42-11e7-a2b5-204747335338'),
	('d5090a82-cdd5-4967-bdae-f9a70f9c7ee3', 'd8f9de72-6502-42d6-b110-380abd4d5560', 'c1f434b7-3b42-11e7-a2b5-204747335338'),
	('db522497-7143-4ce1-899b-96120bea2ce6', 'd8f9de72-6502-42d6-b110-380abd4d5560', 'c1f442ea-3b42-11e7-a2b5-204747335338');
/*!40000 ALTER TABLE `tbl_detallemenu` ENABLE KEYS */;


-- Volcando estructura para tabla bd_guajiro.tbl_detallescomanda
CREATE TABLE IF NOT EXISTS `tbl_detallescomanda` (
  `iddetalle` varchar(50) NOT NULL,
  `idcomanda` varchar(50) DEFAULT NULL,
  `iditem` varchar(50) DEFAULT NULL,
  `observaciones` varchar(50) DEFAULT NULL,
  `descripcion` varchar(50) DEFAULT NULL,
  `precio` decimal(10,2) DEFAULT NULL,
  PRIMARY KEY (`iddetalle`),
  KEY `FK_tbl_detallescomanda_tbl_comandas` (`idcomanda`),
  KEY `FK_tbl_detallescomanda_tbl_items` (`iditem`),
  CONSTRAINT `FK_tbl_detallescomanda_tbl_comandas` FOREIGN KEY (`idcomanda`) REFERENCES `tbl_comandas` (`idcomanda`) ON DELETE NO ACTION ON UPDATE CASCADE,
  CONSTRAINT `FK_tbl_detallescomanda_tbl_items` FOREIGN KEY (`iditem`) REFERENCES `tbl_items` (`iditem`) ON DELETE NO ACTION ON UPDATE CASCADE
) ENGINE=InnoDB DEFAULT CHARSET=utf8;

-- Volcando datos para la tabla bd_guajiro.tbl_detallescomanda: ~26 rows (aproximadamente)
/*!40000 ALTER TABLE `tbl_detallescomanda` DISABLE KEYS */;
INSERT INTO `tbl_detallescomanda` (`iddetalle`, `idcomanda`, `iditem`, `observaciones`, `descripcion`, `precio`) VALUES
	('191f6ba7-45f9-4c13-b728-8b6ba3dbb6cc', '05229778-2b76-49eb-ae70-b3aaed63b10d', 'c1f45be9-3b42-11e7-a2b5-204747335338', '', 'Albóndiga enchipotlada', 40.00),
	('1fe0b051-9a1b-4fd3-9e7b-213df4c03898', '6928c1c3-7908-464e-b211-d5c0e148e8a1', 'c1f41760-3b42-11e7-a2b5-204747335338', '', 'Vaso de Jamaica', 10.00),
	('250e7a8e-120c-4d5d-a5c5-7e91f57bca4a', 'd079e7b3-a0a4-4a6a-bfa0-ce83a1cc61ee', 'c1f44838-3b42-11e7-a2b5-204747335338', '', 'Chilaquiles con pollo', 40.00),
	('281e7da0-f3f0-4c37-8d89-33bad6412bed', '05229778-2b76-49eb-ae70-b3aaed63b10d', 'c1f9079d-3b42-11e7-a2b5-204747335338', '', 'Chilaquiles con pollo', 40.00),
	('312c1b50-b2ec-4a46-a1cf-5a31654f1925', 'dc7338c5-d347-4fc7-9877-d5acc1619dea', 'c1f41760-3b42-11e7-a2b5-204747335338', '', 'Vaso de Jamaica', 10.00),
	('3588461f-23fa-4f0c-b047-8c10ed99dd79', 'dc7338c5-d347-4fc7-9877-d5acc1619dea', 'c1f41fa1-3b42-11e7-a2b5-204747335338', '', 'Vaso de Tascalate', 10.00),
	('3d573804-daf8-4684-8839-4e17945656b4', '05229778-2b76-49eb-ae70-b3aaed63b10d', 'c1f45d17-3b42-11e7-a2b5-204747335338', '', 'Barbacoa de res', 60.00),
	('3eb31ac5-7175-4992-8cbe-d119b6754adb', '6928c1c3-7908-464e-b211-d5c0e148e8a1', 'c1f442ea-3b42-11e7-a2b5-204747335338', '', 'Huevos con pollo deshebrado', 40.00),
	('5f9970e0-31ca-4eaa-adae-44ad0be2fe44', 'e9e4f5e3-046e-4aeb-9894-6ee0de543c18', 'c1f43c61-3b42-11e7-a2b5-204747335338', '', 'Huevo con Chorizo', 35.00),
	('60105b3e-e3c9-4ba8-b9db-44c87d775ed0', '6928c1c3-7908-464e-b211-d5c0e148e8a1', 'c1f44253-3b42-11e7-a2b5-204747335338', '', 'Huevos con machaca', 40.00),
	('6e9ae6a5-99e6-4d5d-a3bd-9b4baffc95f9', 'e48a8fe0-8adc-43ad-a711-4670e80b2381', 'c1f44f1b-3b42-11e7-a2b5-204747335338', '', 'Wafles (3 pzas)', 30.00),
	('730a4caa-89a0-4e92-b843-65786122a264', '6928c1c3-7908-464e-b211-d5c0e148e8a1', 'c1e2ade4-3b42-11e7-a2b5-204747335338', '', 'Vaso de Horchata', 10.00),
	('96eb739f-d061-4c06-b461-402aa6161c04', '59eb7d11-4bd4-45de-aac3-f9ca982bbde4', 'c1e2ade4-3b42-11e7-a2b5-204747335338', '', 'Vaso de Horchata', 10.00),
	('a14285f1-1789-4fab-b2b6-b9c2716dac1a', 'dc7338c5-d347-4fc7-9877-d5acc1619dea', 'c1f45b58-3b42-11e7-a2b5-204747335338', '', 'Albóndiga en caldo', 40.00),
	('af5d64c4-ee1d-4b53-acc2-0db7cce491f4', 'e9e4f5e3-046e-4aeb-9894-6ee0de543c18', 'c1f43bbe-3b42-11e7-a2b5-204747335338', '', 'Huevo con Verduras', 35.00),
	('b07d6810-e19e-41dd-8e8f-3221c4e1fa2d', '05229778-2b76-49eb-ae70-b3aaed63b10d', 'c1f44838-3b42-11e7-a2b5-204747335338', '', 'Chilaquiles con pollo', 40.00),
	('b2519b76-9867-40a5-82d5-e004449dc632', 'dc7338c5-d347-4fc7-9877-d5acc1619dea', 'c1e2ade4-3b42-11e7-a2b5-204747335338', '', 'Vaso de Horchata', 10.00),
	('b30a3bd2-097c-4ee3-90d7-9b647aa511fa', 'd079e7b3-a0a4-4a6a-bfa0-ce83a1cc61ee', 'c1f442ea-3b42-11e7-a2b5-204747335338', '', 'Huevos con pollo deshebrado', 40.00),
	('b54a35d3-c33e-47e7-8551-99d2edea8cc6', 'dc7338c5-d347-4fc7-9877-d5acc1619dea', 'c1f45be9-3b42-11e7-a2b5-204747335338', '', 'Albóndiga enchipotlada', 40.00),
	('d44c5911-d68d-4898-82d6-64bd65a78288', 'e48a8fe0-8adc-43ad-a711-4670e80b2381', 'c1f437c2-3b42-11e7-a2b5-204747335338', '', 'Café con Leche', 15.00),
	('d954ef91-fa01-4530-8c88-65bccdd6bdcd', '6de21753-bde2-4a93-b055-457f9e92bdaf', 'c1f43bbe-3b42-11e7-a2b5-204747335338', '', 'Huevo con Verduras', 35.00),
	('dac23aa8-92a3-4ce4-9b5f-ad8c4b9ac755', 'd35ec7f9-35dc-492a-8706-8d08f711772d', 'c1f90699-3b42-11e7-a2b5-204747335338', '', 'Carne adobada frita', 40.00),
	('e1123d2d-cf88-4aba-b05d-3134c057cbc3', '6de21753-bde2-4a93-b055-457f9e92bdaf', 'c1e2ade4-3b42-11e7-a2b5-204747335338', '', 'Vaso de Horchata', 10.00),
	('eadc1d8b-dd16-4c94-8c87-e03108f50a9f', 'dc7338c5-d347-4fc7-9877-d5acc1619dea', 'c1f45d17-3b42-11e7-a2b5-204747335338', '', 'Barbacoa de res', 60.00),
	('f36ae20c-6b34-4655-911b-5f2e2d68a329', 'd35ec7f9-35dc-492a-8706-8d08f711772d', 'c1e2ade4-3b42-11e7-a2b5-204747335338', '', 'Vaso de Horchata', 10.00),
	('f557fdb2-2ebe-4398-a3b4-740228a710b9', '59eb7d11-4bd4-45de-aac3-f9ca982bbde4', 'c1f43bbe-3b42-11e7-a2b5-204747335338', '', 'Huevo con Verduras', 35.00);
/*!40000 ALTER TABLE `tbl_detallescomanda` ENABLE KEYS */;


-- Volcando estructura para tabla bd_guajiro.tbl_detallesguarnicion
CREATE TABLE IF NOT EXISTS `tbl_detallesguarnicion` (
  `iddetalleguarnicion` varchar(50) NOT NULL,
  `idguarnicion` varchar(50) DEFAULT NULL,
  `iditem` varchar(50) DEFAULT NULL,
  `fecha_creacion` datetime DEFAULT CURRENT_TIMESTAMP,
  `fecha_modificacion` datetime DEFAULT NULL ON UPDATE CURRENT_TIMESTAMP,
  `crea_usuario` varchar(50) DEFAULT NULL,
  PRIMARY KEY (`iddetalleguarnicion`),
  KEY `FK_tbl_detallesguarnicion_tbl_guarniciones` (`idguarnicion`),
  KEY `FK_tbl_detallesguarnicion_tbl_items` (`iditem`),
  CONSTRAINT `FK_tbl_detallesguarnicion_tbl_guarniciones` FOREIGN KEY (`idguarnicion`) REFERENCES `tbl_guarniciones` (`idguarnicion`) ON DELETE NO ACTION ON UPDATE CASCADE,
  CONSTRAINT `FK_tbl_detallesguarnicion_tbl_items` FOREIGN KEY (`iditem`) REFERENCES `tbl_items` (`iditem`) ON DELETE NO ACTION ON UPDATE CASCADE
) ENGINE=InnoDB DEFAULT CHARSET=utf8;

-- Volcando datos para la tabla bd_guajiro.tbl_detallesguarnicion: ~5 rows (aproximadamente)
/*!40000 ALTER TABLE `tbl_detallesguarnicion` DISABLE KEYS */;
INSERT INTO `tbl_detallesguarnicion` (`iddetalleguarnicion`, `idguarnicion`, `iditem`, `fecha_creacion`, `fecha_modificacion`, `crea_usuario`) VALUES
	('9fa8010f-7b3c-11e7-955d-204747335338', '204b7bf8-7b3a-11e7-955d-204747335338', '7e17226c-6359-11e7-a068-204747335338', '2017-08-07 12:50:32', NULL, NULL),
	('9fa807c1-7b3c-11e7-955d-204747335338', '204b7bf8-7b3a-11e7-955d-204747335338', '60bde04e-6359-11e7-a068-204747335338', '2017-08-07 12:50:32', NULL, NULL),
	('9fa808cb-7b3c-11e7-955d-204747335338', '204e3315-7b3a-11e7-955d-204747335338', 'ab046a4b-6359-11e7-a068-204747335338', '2017-08-07 12:50:32', NULL, NULL),
	('9fa80938-7b3c-11e7-955d-204747335338', '204e3315-7b3a-11e7-955d-204747335338', 'bf51059c-6359-11e7-a068-204747335338', '2017-08-07 12:50:32', NULL, NULL),
	('d2cc1efe-7b9c-11e7-9e1c-204747335338', 'b8a7543d-7b9a-11e7-9e1c-204747335338', 'ab046a4b-6359-11e7-a068-204747335338', '2017-08-07 13:18:33', NULL, NULL);
/*!40000 ALTER TABLE `tbl_detallesguarnicion` ENABLE KEYS */;


-- Volcando estructura para tabla bd_guajiro.tbl_detallesobservacion
CREATE TABLE IF NOT EXISTS `tbl_detallesobservacion` (
  `iddetalle` varchar(50) NOT NULL,
  `idobservacion` varchar(50) DEFAULT NULL,
  `descripcion` varchar(50) DEFAULT NULL,
  PRIMARY KEY (`iddetalle`)
) ENGINE=InnoDB DEFAULT CHARSET=utf8;

-- Volcando datos para la tabla bd_guajiro.tbl_detallesobservacion: ~0 rows (aproximadamente)
/*!40000 ALTER TABLE `tbl_detallesobservacion` DISABLE KEYS */;
/*!40000 ALTER TABLE `tbl_detallesobservacion` ENABLE KEYS */;


-- Volcando estructura para tabla bd_guajiro.tbl_direcciones
CREATE TABLE IF NOT EXISTS `tbl_direcciones` (
  `iddireccion` varchar(50) NOT NULL,
  `idpersona` varchar(50) DEFAULT NULL,
  `idmunicipio` varchar(50) DEFAULT NULL,
  `calle1` varchar(100) DEFAULT NULL,
  `calle2` varchar(100) DEFAULT NULL,
  `interior` varchar(20) DEFAULT NULL,
  `exterior` varchar(20) DEFAULT NULL,
  `colonia` varchar(100) DEFAULT NULL,
  `codigopostal` varchar(20) DEFAULT NULL,
  `entrega` bit(1) DEFAULT b'0',
  `fiscal` bit(1) DEFAULT b'0',
  PRIMARY KEY (`iddireccion`)
) ENGINE=InnoDB DEFAULT CHARSET=utf8;

-- Volcando datos para la tabla bd_guajiro.tbl_direcciones: ~9 rows (aproximadamente)
/*!40000 ALTER TABLE `tbl_direcciones` DISABLE KEYS */;
INSERT INTO `tbl_direcciones` (`iddireccion`, `idpersona`, `idmunicipio`, `calle1`, `calle2`, `interior`, `exterior`, `colonia`, `codigopostal`, `entrega`, `fiscal`) VALUES
	('119faf2d-c9b5-476b-8190-548cd967751f', 'cdf75403-7c45-4689-a7fb-3b613684739c', '4929fcbf-fcd3-11e7-83f1-204747335338', 'Conocida1', 'Conocida2', '1234', '123', 'Barrio Conocido', '12345', b'1', b'1'),
	('8cc901a8-dd9c-4d6e-b84d-c87ceb924b7c', '12284d7a-e164-4732-8d55-3a86ac97973d', '4929fcbf-fcd3-11e7-83f1-204747335338', 'Independencia', NULL, NULL, '66', 'Industrial Vallejo', '55000', b'0', b'1'),
	('904aaba3-aaef-4528-bb45-b632256da04c', 'e7e56c93-8f4c-4c7a-96c3-a2c30e741b30', '4929fcbf-fcd3-11e7-83f1-204747335338', 'Principal', NULL, NULL, '3452', 'Conocida', '12345', b'0', b'1'),
	('a3d0771d-8ae8-43d3-a596-ea16792b782b', 'a31b0a0f-c6ef-4961-9c96-7ee2cef96b81', '4929fcbf-fcd3-11e7-83f1-204747335338', 'Centro', NULL, NULL, '1234', 'Barrio Viejo', '99999', b'1', b'0'),
	('bb61de93-7091-4064-a0c7-82df536b32e4', '4b342018-1724-464b-bbdb-6b2e1597664f', '4929fcbf-fcd3-11e7-83f1-204747335338', '3a poniente', NULL, NULL, '312', 'Barrio', '41234', NULL, b'1'),
	('c53dfad2-db0a-11e7-9155-204747335338', '3ec57991-da4a-11e7-9155-204747335338', '4929fcbf-fcd3-11e7-83f1-204747335338', 'Calle Ixhuatán', 'entre Simojovel e Ixtacomitan', '#341', NULL, 'Col. Centenario', '29025', b'1', b'0'),
	('cc5f4754-f3fc-11e7-83f1-204747335338', '1c87a56f-e479-11e7-8cd6-204747335338', '4929fcbf-fcd3-11e7-83f1-204747335338', '', NULL, NULL, NULL, NULL, NULL, b'0', b'0'),
	('ce4b78a7-aec8-471c-ab64-b85a1fde8353', 'df26992d-0a81-46cb-9829-fb92ec9a5dc7', '4929fcbf-fcd3-11e7-83f1-204747335338', 'Conocida', NULL, NULL, '1234', 'Centenario', '29000', b'1', b'1'),
	('f3755939-056a-431d-8b90-98334a561954', '1f546f39-9ed6-4ff2-8ad4-376d3bb510d5', '4929fcbf-fcd3-11e7-83f1-204747335338', 'qqq', NULL, NULL, '1111', 'qwer', '1324', b'0', b'1');
/*!40000 ALTER TABLE `tbl_direcciones` ENABLE KEYS */;


-- Volcando estructura para tabla bd_guajiro.tbl_estados
CREATE TABLE IF NOT EXISTS `tbl_estados` (
  `idestado` varchar(100) NOT NULL,
  `nombre` varchar(100) DEFAULT NULL,
  PRIMARY KEY (`idestado`)
) ENGINE=InnoDB DEFAULT CHARSET=utf8;

-- Volcando datos para la tabla bd_guajiro.tbl_estados: ~33 rows (aproximadamente)
/*!40000 ALTER TABLE `tbl_estados` DISABLE KEYS */;
INSERT INTO `tbl_estados` (`idestado`, `nombre`) VALUES
	('4b8f4865-f68c-11e7-83f1-204747335338', 'Aguascalientes'),
	('4b8f4b64-f68c-11e7-83f1-204747335338', 'Baja California'),
	('4b8f4bc4-f68c-11e7-83f1-204747335338', 'Baja California Sur'),
	('4b8f4bfb-f68c-11e7-83f1-204747335338', 'Campeche'),
	('4b8f4c31-f68c-11e7-83f1-204747335338', 'Chiapas'),
	('4b8f4c6d-f68c-11e7-83f1-204747335338', 'Chihuahua'),
	('4b8f4ca4-f68c-11e7-83f1-204747335338', 'Ciudad de Mexico'),
	('4b8f4cd4-f68c-11e7-83f1-204747335338', 'Coahuila'),
	('4b8f4d04-f68c-11e7-83f1-204747335338', 'Colima'),
	('4b8f4d35-f68c-11e7-83f1-204747335338', 'Durango'),
	('4b8f4d65-f68c-11e7-83f1-204747335338', 'Extranjero'),
	('4b8f4d8f-f68c-11e7-83f1-204747335338', 'Guanajuato'),
	('4b8f4dc0-f68c-11e7-83f1-204747335338', 'Guerrero'),
	('4b8f4e4a-f68c-11e7-83f1-204747335338', 'Hidalgo'),
	('4b8f4ee7-f68c-11e7-83f1-204747335338', 'Jalisco'),
	('4b8f4f12-f68c-11e7-83f1-204747335338', 'Mexico'),
	('4b8f4f3c-f68c-11e7-83f1-204747335338', 'Michoacan'),
	('4b8f4f72-f68c-11e7-83f1-204747335338', 'Morelos'),
	('4b8f4f97-f68c-11e7-83f1-204747335338', 'Nayarit'),
	('4b8f4fc1-f68c-11e7-83f1-204747335338', 'Nuevo Leon'),
	('4b8f4feb-f68c-11e7-83f1-204747335338', 'Oaxaca'),
	('4b8f5015-f68c-11e7-83f1-204747335338', 'Puebla'),
	('4b8f5040-f68c-11e7-83f1-204747335338', 'Queretaro'),
	('4b8f506a-f68c-11e7-83f1-204747335338', 'Quintana Roo'),
	('4b8f5094-f68c-11e7-83f1-204747335338', 'San Luis Potosi'),
	('4b8f50be-f68c-11e7-83f1-204747335338', 'Sinaloa'),
	('4b8f50e9-f68c-11e7-83f1-204747335338', 'Sonora'),
	('4b8f510d-f68c-11e7-83f1-204747335338', 'Tabasco'),
	('4b8f513d-f68c-11e7-83f1-204747335338', 'Tamaulipas'),
	('4b8f5167-f68c-11e7-83f1-204747335338', 'Tlaxcala'),
	('4b8f5192-f68c-11e7-83f1-204747335338', 'Veracruz'),
	('4b8f51c2-f68c-11e7-83f1-204747335338', 'Yucatan'),
	('4b8f51ec-f68c-11e7-83f1-204747335338', 'Zacatecas');
/*!40000 ALTER TABLE `tbl_estados` ENABLE KEYS */;


-- Volcando estructura para tabla bd_guajiro.tbl_guarniciones
CREATE TABLE IF NOT EXISTS `tbl_guarniciones` (
  `idguarnicion` varchar(50) NOT NULL,
  `nombre` varchar(50) DEFAULT NULL,
  `fecha_creacion` datetime DEFAULT CURRENT_TIMESTAMP,
  `fecha_modificacion` datetime DEFAULT NULL ON UPDATE CURRENT_TIMESTAMP,
  `crea_usuario` varchar(50) DEFAULT NULL,
  PRIMARY KEY (`idguarnicion`)
) ENGINE=InnoDB DEFAULT CHARSET=utf8;

-- Volcando datos para la tabla bd_guajiro.tbl_guarniciones: ~3 rows (aproximadamente)
/*!40000 ALTER TABLE `tbl_guarniciones` DISABLE KEYS */;
INSERT INTO `tbl_guarniciones` (`idguarnicion`, `nombre`, `fecha_creacion`, `fecha_modificacion`, `crea_usuario`) VALUES
	('204b7bf8-7b3a-11e7-955d-204747335338', 'Guarnición Desayuno', '2017-08-07 12:49:42', NULL, NULL),
	('204e3315-7b3a-11e7-955d-204747335338', 'Guarnición Comida', '2017-08-07 12:49:42', NULL, NULL),
	('b8a7543d-7b9a-11e7-9e1c-204747335338', 'Guarnición Caldos', '2017-08-07 13:03:31', NULL, NULL);
/*!40000 ALTER TABLE `tbl_guarniciones` ENABLE KEYS */;


-- Volcando estructura para tabla bd_guajiro.tbl_items
CREATE TABLE IF NOT EXISTS `tbl_items` (
  `iditem` varchar(50) NOT NULL,
  `idlstipoitem` varchar(50) DEFAULT NULL,
  `descripcion` varchar(100) DEFAULT NULL,
  `existencia` decimal(10,2) DEFAULT NULL,
  `inventariable` bit(1) DEFAULT b'0',
  `fecha_creacion` datetime DEFAULT CURRENT_TIMESTAMP,
  `fecha_modificacion` datetime DEFAULT NULL ON UPDATE CURRENT_TIMESTAMP,
  `crea_usuario` varchar(50) DEFAULT NULL,
  PRIMARY KEY (`iditem`),
  KEY `FK_tbl_items_tbl_listadoseldetalle` (`idlstipoitem`)
) ENGINE=InnoDB DEFAULT CHARSET=utf8;

-- Volcando datos para la tabla bd_guajiro.tbl_items: ~135 rows (aproximadamente)
/*!40000 ALTER TABLE `tbl_items` DISABLE KEYS */;
INSERT INTO `tbl_items` (`iditem`, `idlstipoitem`, `descripcion`, `existencia`, `inventariable`, `fecha_creacion`, `fecha_modificacion`, `crea_usuario`) VALUES
	('203ed470-635a-11e7-a068-204747335338', 'ed9a8d7c-6358-11e7-a068-204747335338', 'Sin queso', NULL, b'0', '2017-07-07 16:20:25', '2018-01-21 19:25:37', NULL),
	('2363df31-635a-11e7-a068-204747335338', 'ed9a8d7c-6358-11e7-a068-204747335338', 'Sin crema', NULL, b'0', '2017-07-07 16:20:30', '2018-01-21 19:25:37', NULL),
	('278ffee8-635a-11e7-a068-204747335338', 'ed9a8d7c-6358-11e7-a068-204747335338', 'Sin chile', NULL, b'0', '2017-07-07 16:20:37', '2018-01-21 19:25:37', NULL),
	('2cf64c98-635a-11e7-a068-204747335338', 'ed9a8d7c-6358-11e7-a068-204747335338', 'Sin pepinillos', NULL, b'0', '2017-07-07 16:20:46', '2018-01-21 19:25:37', NULL),
	('3ab4e624-635a-11e7-a068-204747335338', 'ed9a8d7c-6358-11e7-a068-204747335338', 'Cocido', NULL, b'0', '2017-07-07 16:21:09', '2018-01-21 19:25:37', NULL),
	('453126ef-635a-11e7-a068-204747335338', 'ed9a8d7c-6358-11e7-a068-204747335338', 'Hervido', NULL, b'0', '2017-07-07 16:21:27', '2018-01-21 19:25:37', NULL),
	('4e77d9d5-635a-11e7-a068-204747335338', 'ed9a8d7c-6358-11e7-a068-204747335338', 'Término Medio', NULL, b'0', '2017-07-07 16:21:42', '2018-01-21 19:25:37', NULL),
	('5f579499-635a-11e7-a068-204747335338', 'ed9a8d7c-6358-11e7-a068-204747335338', 'Término 3/4', NULL, b'0', '2017-07-07 16:22:11', '2018-01-21 19:25:37', NULL),
	('60bde04e-6359-11e7-a068-204747335338', '10c9f0b5-39dd-11e7-b904-204747335338', 'Platanitos con Crema', NULL, b'0', '2017-07-07 16:15:04', '2018-01-21 19:25:37', NULL),
	('6d04a3e7-ff26-11e7-83f1-204747335338', 'e47c66f1-368a-11e7-b904-204747335338', 'Huevos', 100.00, b'1', '2018-01-21 21:40:57', NULL, NULL),
	('6f83bd38-635a-11e7-a068-204747335338', 'ed9a8d7c-6358-11e7-a068-204747335338', 'Término Bien Cocido', NULL, b'0', '2017-07-07 16:22:38', '2018-01-21 19:25:37', NULL),
	('7e17226c-6359-11e7-a068-204747335338', '10c9f0b5-39dd-11e7-b904-204747335338', 'Frijoles refritos', NULL, b'0', '2017-07-07 16:15:53', '2018-01-21 19:25:37', NULL),
	('96dde0eb-635a-11e7-a068-204747335338', '10c9f0b5-39dd-11e7-b904-204747335338', 'Verduras hervidas', NULL, b'0', '2017-07-07 16:23:44', '2018-01-21 19:25:37', NULL),
	('ab046a4b-6359-11e7-a068-204747335338', '10c9f0b5-39dd-11e7-b904-204747335338', 'Arroz cocido', NULL, b'0', '2017-07-07 16:17:08', '2018-01-21 19:25:37', NULL),
	('bf51059c-6359-11e7-a068-204747335338', '10c9f0b5-39dd-11e7-b904-204747335338', 'Ensalada de lechuga, tomate y cebolla', NULL, b'0', '2017-07-07 16:17:42', '2018-01-21 19:25:37', NULL),
	('c1e2ade4-3b42-11e7-a2b5-204747335338', 'e47c70cd-368a-11e7-b904-204747335338', 'Vaso de Horchata', NULL, b'0', '2017-05-17 15:52:36', '2018-01-21 19:25:37', NULL),
	('c1f41760-3b42-11e7-a2b5-204747335338', 'e47c70cd-368a-11e7-b904-204747335338', 'Vaso de Jamaica', NULL, b'0', '2017-05-17 15:52:36', '2018-01-21 19:25:37', NULL),
	('c1f41fa1-3b42-11e7-a2b5-204747335338', 'e47c70cd-368a-11e7-b904-204747335338', 'Vaso de Tascalate', NULL, b'0', '2017-05-17 15:52:36', '2018-01-21 19:25:37', NULL),
	('c1f420bd-3b42-11e7-a2b5-204747335338', 'e47c70cd-368a-11e7-b904-204747335338', 'Litro de Horchata', NULL, b'0', '2017-05-17 15:52:36', '2018-01-21 19:25:37', NULL),
	('c1f42166-3b42-11e7-a2b5-204747335338', 'e47c70cd-368a-11e7-b904-204747335338', 'Litro de Jamaica', NULL, b'0', '2017-05-17 15:52:36', '2018-01-21 19:25:37', NULL),
	('c1f42221-3b42-11e7-a2b5-204747335338', 'e47c70cd-368a-11e7-b904-204747335338', 'Litro de Tascalate', NULL, b'0', '2017-05-17 15:52:36', '2018-01-21 19:25:37', NULL),
	('c1f422ca-3b42-11e7-a2b5-204747335338', 'e47c70cd-368a-11e7-b904-204747335338', 'Agua Bonafont 600 ml', NULL, b'0', '2017-05-17 15:52:36', '2018-01-21 19:25:37', NULL),
	('c1f4235b-3b42-11e7-a2b5-204747335338', 'e47c70cd-368a-11e7-b904-204747335338', 'Manzana Lift 600 ml', NULL, b'0', '2017-05-17 15:52:36', '2018-01-21 19:25:37', NULL),
	('c1f4328c-3b42-11e7-a2b5-204747335338', 'e47c70cd-368a-11e7-b904-204747335338', 'Senzao 600 ml', NULL, b'0', '2017-05-17 15:52:36', '2018-01-21 19:25:37', NULL),
	('c1f434b7-3b42-11e7-a2b5-204747335338', 'e47c70cd-368a-11e7-b904-204747335338', 'Sprite 600 ml', NULL, b'0', '2017-05-17 15:52:36', '2018-01-21 19:25:37', NULL),
	('c1f435c7-3b42-11e7-a2b5-204747335338', 'e47c70cd-368a-11e7-b904-204747335338', 'Fresca 600 ml', NULL, b'0', '2017-05-17 15:52:36', '2018-01-21 19:25:37', NULL),
	('c1f4366a-3b42-11e7-a2b5-204747335338', 'e47c70cd-368a-11e7-b904-204747335338', 'Coca 500 ml cristal', NULL, b'0', '2017-05-17 15:52:36', '2018-01-21 19:25:37', NULL),
	('c1f43713-3b42-11e7-a2b5-204747335338', 'e47c70cd-368a-11e7-b904-204747335338', 'Café', NULL, b'0', '2017-05-17 15:52:36', '2018-01-21 19:25:37', NULL),
	('c1f437c2-3b42-11e7-a2b5-204747335338', 'e47c70cd-368a-11e7-b904-204747335338', 'Café con Leche', NULL, b'0', '2017-05-17 15:52:36', '2018-01-21 19:25:37', NULL),
	('c1f43859-3b42-11e7-a2b5-204747335338', 'e47c70cd-368a-11e7-b904-204747335338', 'Té (Manzanilla, Limón, Verde)', NULL, b'0', '2017-05-17 15:52:36', '2018-01-21 19:25:37', NULL),
	('c1f43938-3b42-11e7-a2b5-204747335338', 'e47c70cd-368a-11e7-b904-204747335338', 'Capuchino', NULL, b'0', '2017-05-17 15:52:36', '2018-01-21 19:25:37', NULL),
	('c1f439cf-3b42-11e7-a2b5-204747335338', 'e47c70cd-368a-11e7-b904-204747335338', 'Malteadas (Fresa, Vainilla, Chocolate)', NULL, b'0', '2017-05-17 15:52:36', '2018-01-21 19:25:37', NULL),
	('c1f43a90-3b42-11e7-a2b5-204747335338', 'e47c70cd-368a-11e7-b904-204747335338', 'Frappé (Café, Oreo)', NULL, b'0', '2017-05-17 15:52:36', '2018-01-21 19:25:37', NULL),
	('c1f43b33-3b42-11e7-a2b5-204747335338', 'e47c70cd-368a-11e7-b904-204747335338', 'Chocolate', NULL, b'0', '2017-05-17 15:52:36', '2018-01-21 19:25:37', NULL),
	('c1f43bbe-3b42-11e7-a2b5-204747335338', 'e47c6f87-368a-11e7-b904-204747335338', 'Huevo con Verduras', NULL, b'0', '2017-05-17 15:52:36', '2018-01-21 19:25:37', NULL),
	('c1f43c61-3b42-11e7-a2b5-204747335338', 'e47c6f87-368a-11e7-b904-204747335338', 'Huevo con Chorizo', NULL, b'0', '2017-05-17 15:52:36', '2018-01-21 19:25:37', NULL),
	('c1f43cf2-3b42-11e7-a2b5-204747335338', 'e47c6f87-368a-11e7-b904-204747335338', 'Huevo con Jamón', NULL, b'0', '2017-05-17 15:52:36', '2018-01-21 19:25:37', NULL),
	('c1f43d89-3b42-11e7-a2b5-204747335338', 'e47c6f87-368a-11e7-b904-204747335338', 'Huevo con Tocino', NULL, b'0', '2017-05-17 15:52:36', '2018-01-21 19:25:37', NULL),
	('c1f43e1a-3b42-11e7-a2b5-204747335338', 'e47c6f87-368a-11e7-b904-204747335338', 'Huevo con Ejotes', NULL, b'0', '2017-05-17 15:52:36', '2018-01-21 19:25:37', NULL),
	('c1f43eab-3b42-11e7-a2b5-204747335338', 'e47c6f87-368a-11e7-b904-204747335338', 'Huevo a la Mexicana', NULL, b'0', '2017-05-17 15:52:36', '2018-01-21 19:25:37', NULL),
	('c1f43f3c-3b42-11e7-a2b5-204747335338', 'e47c6f87-368a-11e7-b904-204747335338', 'Huevo en Torta', NULL, b'0', '2017-05-17 15:52:36', '2018-01-21 19:25:37', NULL),
	('c1f43fcd-3b42-11e7-a2b5-204747335338', 'e47c6f87-368a-11e7-b904-204747335338', 'Huevo estrellado', NULL, b'0', '2017-05-17 15:52:36', '2018-01-21 19:25:37', NULL),
	('c1f44064-3b42-11e7-a2b5-204747335338', 'e47c6f87-368a-11e7-b904-204747335338', 'Huevos rancheros', NULL, b'0', '2017-05-17 15:52:36', '2018-01-21 19:25:37', NULL),
	('c1f44100-3b42-11e7-a2b5-204747335338', 'e47c6f87-368a-11e7-b904-204747335338', 'Huevos divorciados', NULL, b'0', '2017-05-17 15:52:36', '2018-01-21 19:25:37', NULL),
	('c1f44191-3b42-11e7-a2b5-204747335338', 'e47c6f87-368a-11e7-b904-204747335338', 'Huevos con camarón seco', NULL, b'0', '2017-05-17 15:52:36', '2018-01-21 19:25:37', NULL),
	('c1f44253-3b42-11e7-a2b5-204747335338', 'e47c6f87-368a-11e7-b904-204747335338', 'Huevos con machaca', NULL, b'0', '2017-05-17 15:52:36', '2018-01-21 19:25:37', NULL),
	('c1f442ea-3b42-11e7-a2b5-204747335338', 'e47c6f87-368a-11e7-b904-204747335338', 'Huevos con pollo deshebrado', NULL, b'0', '2017-05-17 15:52:36', '2018-01-21 19:25:37', NULL),
	('c1f44386-3b42-11e7-a2b5-204747335338', 'e47c6f87-368a-11e7-b904-204747335338', 'Huevos con longaniza', NULL, b'0', '2017-05-17 15:52:36', '2018-01-21 19:25:37', NULL),
	('c1f44417-3b42-11e7-a2b5-204747335338', 'e47c6f87-368a-11e7-b904-204747335338', 'Huevos motuleños', NULL, b'0', '2017-05-17 15:52:36', '2018-01-21 19:25:37', NULL),
	('c1f444a8-3b42-11e7-a2b5-204747335338', 'e47c6f87-368a-11e7-b904-204747335338', 'Omelette de champiñones', NULL, b'0', '2017-05-17 15:52:36', '2018-01-21 19:25:37', NULL),
	('c1f44545-3b42-11e7-a2b5-204747335338', 'e47c6f87-368a-11e7-b904-204747335338', 'Omelette vegetariano', NULL, b'0', '2017-05-17 15:52:36', '2018-01-21 19:25:37', NULL),
	('c1f446ce-3b42-11e7-a2b5-204747335338', 'e47c6f87-368a-11e7-b904-204747335338', 'Omelette con jamón', NULL, b'0', '2017-05-17 15:52:36', '2018-01-21 19:25:37', NULL),
	('c1f447a1-3b42-11e7-a2b5-204747335338', 'e47c6f87-368a-11e7-b904-204747335338', 'Omelette con chorizo', NULL, b'0', '2017-05-17 15:52:36', '2018-01-21 19:25:37', NULL),
	('c1f44838-3b42-11e7-a2b5-204747335338', 'e47c6f87-368a-11e7-b904-204747335338', 'Chilaquiles con pollo', NULL, b'0', '2017-05-17 15:52:36', '2018-01-21 19:25:37', NULL),
	('c1f448c9-3b42-11e7-a2b5-204747335338', 'e47c6f87-368a-11e7-b904-204747335338', 'Chilaquiles con huevo', NULL, b'0', '2017-05-17 15:52:36', '2018-01-21 19:25:37', NULL),
	('c1f44960-3b42-11e7-a2b5-204747335338', 'e47c6f87-368a-11e7-b904-204747335338', 'Enchiladas suizas', NULL, b'0', '2017-05-17 15:52:36', '2018-01-21 19:25:37', NULL),
	('c1f449f7-3b42-11e7-a2b5-204747335338', 'e47c6f87-368a-11e7-b904-204747335338', 'Enfrijoladas', NULL, b'0', '2017-05-17 15:52:36', '2018-01-21 19:25:37', NULL),
	('c1f44a8e-3b42-11e7-a2b5-204747335338', 'e47c6f87-368a-11e7-b904-204747335338', 'Tostadas de pollo', NULL, b'0', '2017-05-17 15:52:36', '2018-01-21 19:25:37', NULL),
	('c1f44b1f-3b42-11e7-a2b5-204747335338', 'e47c6f87-368a-11e7-b904-204747335338', 'Tacos dorados', NULL, b'0', '2017-05-17 15:52:36', '2018-01-21 19:25:37', NULL),
	('c1f44bb5-3b42-11e7-a2b5-204747335338', 'e47c6f87-368a-11e7-b904-204747335338', 'Quesadillas', NULL, b'0', '2017-05-17 15:52:36', '2018-01-21 19:25:37', NULL),
	('c1f44c46-3b42-11e7-a2b5-204747335338', 'e47c6f87-368a-11e7-b904-204747335338', 'Torta de pollo', NULL, b'0', '2017-05-17 15:52:36', '2018-01-21 19:25:37', NULL),
	('c1f44cdd-3b42-11e7-a2b5-204747335338', 'e47c6f87-368a-11e7-b904-204747335338', 'Torta con huevo al gusto', NULL, b'0', '2017-05-17 15:52:36', '2018-01-21 19:25:37', NULL),
	('c1f44d6e-3b42-11e7-a2b5-204747335338', '10c9f0b5-39dd-11e7-b904-204747335338', 'Plátano fritos', NULL, b'0', '2017-05-17 15:52:36', '2018-01-21 19:25:37', NULL),
	('c1f44dff-3b42-11e7-a2b5-204747335338', 'e47c6f87-368a-11e7-b904-204747335338', 'Papas a la francesa', NULL, b'0', '2017-05-17 15:52:36', '2018-01-21 19:25:37', NULL),
	('c1f44e90-3b42-11e7-a2b5-204747335338', 'e47c6f87-368a-11e7-b904-204747335338', 'Pan tostado (2 pzas)', NULL, b'0', '2017-05-17 15:52:36', '2018-01-21 19:25:37', NULL),
	('c1f44f1b-3b42-11e7-a2b5-204747335338', 'e47c6f87-368a-11e7-b904-204747335338', 'Wafles (3 pzas)', NULL, b'0', '2017-05-17 15:52:36', '2018-01-21 19:25:37', NULL),
	('c1f44fb2-3b42-11e7-a2b5-204747335338', 'e47c70cd-368a-11e7-b904-204747335338', 'Jugo Verde', NULL, b'0', '2017-05-17 15:52:36', '2018-01-21 19:25:37', NULL),
	('c1f45049-3b42-11e7-a2b5-204747335338', 'e47c70cd-368a-11e7-b904-204747335338', 'Jugo de Naranja', NULL, b'0', '2017-05-17 15:52:36', '2018-01-21 19:25:37', NULL),
	('c1f450d4-3b42-11e7-a2b5-204747335338', 'e47c70cd-368a-11e7-b904-204747335338', 'Jugo de Zanahoria', NULL, b'0', '2017-05-17 15:52:36', '2018-01-21 19:25:37', NULL),
	('c1f45165-3b42-11e7-a2b5-204747335338', 'e47c70cd-368a-11e7-b904-204747335338', 'Jugo Combinado', NULL, b'0', '2017-05-17 15:52:36', '2018-01-21 19:25:37', NULL),
	('c1f451f5-3b42-11e7-a2b5-204747335338', 'e47c6f87-368a-11e7-b904-204747335338', 'Fruta del día', NULL, b'0', '2017-05-17 15:52:36', '2018-01-21 19:25:37', NULL),
	('c1f452b1-3b42-11e7-a2b5-204747335338', 'e47c720d-368a-11e7-b904-204747335338', 'Flan napolitano (rebanada)', NULL, b'0', '2017-05-17 15:52:36', '2018-01-21 19:25:37', NULL),
	('c1f45348-3b42-11e7-a2b5-204747335338', 'e47c720d-368a-11e7-b904-204747335338', 'Helado ', NULL, b'0', '2017-05-17 15:52:36', '2018-01-21 19:25:37', NULL),
	('c1f45427-3b42-11e7-a2b5-204747335338', 'e47c720d-368a-11e7-b904-204747335338', 'Bolis', NULL, b'0', '2017-05-17 15:52:36', '2018-01-21 19:25:37', NULL),
	('c1f4551e-3b42-11e7-a2b5-204747335338', '10c9f0b5-39dd-11e7-b904-204747335338', 'Ensalada sencilla', NULL, b'0', '2017-05-17 15:52:36', '2018-01-21 19:25:37', NULL),
	('c1f4561c-3b42-11e7-a2b5-204747335338', '10c9f0b5-39dd-11e7-b904-204747335338', 'Ensalada especial', NULL, b'0', '2017-05-17 15:52:36', '2018-01-21 19:25:37', NULL),
	('c1f45720-3b42-11e7-a2b5-204747335338', '10c9f0b5-39dd-11e7-b904-204747335338', 'Ensalada de nopal', NULL, b'0', '2017-05-17 15:52:36', '2018-01-21 19:25:37', NULL),
	('c1f457cf-3b42-11e7-a2b5-204747335338', '10c9f0b5-39dd-11e7-b904-204747335338', 'Orden de arroz', NULL, b'0', '2017-05-17 15:52:36', '2018-01-21 19:25:37', NULL),
	('c1f45860-3b42-11e7-a2b5-204747335338', '10c9f0b5-39dd-11e7-b904-204747335338', 'Orden de frijol', NULL, b'0', '2017-05-17 15:52:36', '2018-01-21 19:25:37', NULL),
	('c1f458f7-3b42-11e7-a2b5-204747335338', '10c9f0b5-39dd-11e7-b904-204747335338', 'Orden de espaguetti', NULL, b'0', '2017-05-17 15:52:36', '2018-01-21 19:25:37', NULL),
	('c1f4598d-3b42-11e7-a2b5-204747335338', '10c9f0b5-39dd-11e7-b904-204747335338', 'Orden de verduras al vapor', NULL, b'0', '2017-05-17 15:52:36', '2018-01-21 19:25:37', NULL),
	('c1f45a24-3b42-11e7-a2b5-204747335338', 'e47c6f87-368a-11e7-b904-204747335338', 'Sandwich de pollo', NULL, b'0', '2017-05-17 15:52:36', '2018-01-21 19:25:37', NULL),
	('c1f45ac1-3b42-11e7-a2b5-204747335338', 'e47c6f87-368a-11e7-b904-204747335338', 'Sandwich de jamón', NULL, b'0', '2017-05-17 15:52:36', '2018-01-21 19:25:37', NULL),
	('c1f45b58-3b42-11e7-a2b5-204747335338', '9ae3b470-39dc-11e7-b904-204747335338', 'Albóndiga en caldo', NULL, b'0', '2017-05-17 15:52:36', '2018-01-21 19:25:37', NULL),
	('c1f45be9-3b42-11e7-a2b5-204747335338', '9ae3b470-39dc-11e7-b904-204747335338', 'Albóndiga enchipotlada', NULL, b'0', '2017-05-17 15:52:36', '2018-01-21 19:25:37', NULL),
	('c1f45c8c-3b42-11e7-a2b5-204747335338', '9ae3b470-39dc-11e7-b904-204747335338', 'Arrachera', NULL, b'0', '2017-05-17 15:52:36', '2018-01-21 19:25:37', NULL),
	('c1f45d17-3b42-11e7-a2b5-204747335338', '9ae3b470-39dc-11e7-b904-204747335338', 'Barbacoa de res', NULL, b'0', '2017-05-17 15:52:36', '2018-01-21 19:25:37', NULL),
	('c1f45da8-3b42-11e7-a2b5-204747335338', '9ae3b470-39dc-11e7-b904-204747335338', 'Bistec a la mexicana', NULL, b'0', '2017-05-17 15:52:36', '2018-01-21 19:25:37', NULL),
	('c1f45e39-3b42-11e7-a2b5-204747335338', '9ae3b470-39dc-11e7-b904-204747335338', 'Calabacita rellena de queso', NULL, b'0', '2017-05-17 15:52:36', '2018-01-21 19:25:37', NULL),
	('c1f900d2-3b42-11e7-a2b5-204747335338', '9ae3b470-39dc-11e7-b904-204747335338', 'Caldo de marisco', NULL, b'0', '2017-05-17 15:52:36', '2018-01-21 19:25:37', NULL),
	('c1f90284-3b42-11e7-a2b5-204747335338', '9ae3b470-39dc-11e7-b904-204747335338', 'Caldo de pescado', NULL, b'0', '2017-05-17 15:52:36', '2018-01-21 19:25:37', NULL),
	('c1f90352-3b42-11e7-a2b5-204747335338', '9ae3b470-39dc-11e7-b904-204747335338', 'Caldo de res', NULL, b'0', '2017-05-17 15:52:36', '2018-01-21 19:25:37', NULL),
	('c1f90498-3b42-11e7-a2b5-204747335338', '9ae3b470-39dc-11e7-b904-204747335338', 'Caldo tlalpeño', NULL, b'0', '2017-05-17 15:52:36', '2018-01-21 19:25:37', NULL),
	('c1f90595-3b42-11e7-a2b5-204747335338', '9ae3b470-39dc-11e7-b904-204747335338', 'Camarón al mojo de ajo', NULL, b'0', '2017-05-17 15:52:36', '2018-01-21 19:25:37', NULL),
	('c1f90699-3b42-11e7-a2b5-204747335338', '9ae3b470-39dc-11e7-b904-204747335338', 'Carne adobada frita', NULL, b'0', '2017-05-17 15:52:36', '2018-01-21 19:25:37', NULL),
	('c1f9079d-3b42-11e7-a2b5-204747335338', '9ae3b470-39dc-11e7-b904-204747335338', 'Chilaquiles con pollo', NULL, b'0', '2017-05-17 15:52:36', '2018-01-21 19:25:37', NULL),
	('c1f9083a-3b42-11e7-a2b5-204747335338', '9ae3b470-39dc-11e7-b904-204747335338', 'Chiles rellenos', NULL, b'0', '2017-05-17 15:52:36', '2018-01-21 19:25:37', NULL),
	('c1f908d0-3b42-11e7-a2b5-204747335338', '9ae3b470-39dc-11e7-b904-204747335338', 'Chuleta ahumada frita', NULL, b'0', '2017-05-17 15:52:36', '2018-01-21 19:25:37', NULL),
	('c1f90961-3b42-11e7-a2b5-204747335338', '9ae3b470-39dc-11e7-b904-204747335338', 'Chuleta de puerco frita', NULL, b'0', '2017-05-17 15:52:36', '2018-01-21 19:25:37', NULL),
	('c1f909f8-3b42-11e7-a2b5-204747335338', '9ae3b470-39dc-11e7-b904-204747335338', 'Chuleta de res frita', NULL, b'0', '2017-05-17 15:52:36', '2018-01-21 19:25:37', NULL),
	('c1f90aa1-3b42-11e7-a2b5-204747335338', '9ae3b470-39dc-11e7-b904-204747335338', 'Cochinita pibil', NULL, b'0', '2017-05-17 15:52:36', '2018-01-21 19:25:37', NULL),
	('c1f915ff-3b42-11e7-a2b5-204747335338', '9ae3b470-39dc-11e7-b904-204747335338', 'Cochito', NULL, b'0', '2017-05-17 15:52:36', '2018-01-21 19:25:37', NULL),
	('c1f91764-3b42-11e7-a2b5-204747335338', '9ae3b470-39dc-11e7-b904-204747335338', 'Costilla a la mexicana', NULL, b'0', '2017-05-17 15:52:36', '2018-01-21 19:25:37', NULL),
	('c1f9186d-3b42-11e7-a2b5-204747335338', '9ae3b470-39dc-11e7-b904-204747335338', 'Costilla adobada', NULL, b'0', '2017-05-17 15:52:36', '2018-01-21 19:25:37', NULL),
	('c1f91965-3b42-11e7-a2b5-204747335338', '9ae3b470-39dc-11e7-b904-204747335338', 'Costilla frita', NULL, b'0', '2017-05-17 15:52:36', '2018-01-21 19:25:37', NULL),
	('c1f91a5c-3b42-11e7-a2b5-204747335338', '9ae3b470-39dc-11e7-b904-204747335338', 'Ejote capeado', NULL, b'0', '2017-05-17 15:52:36', '2018-01-21 19:25:37', NULL),
	('c1f91b4e-3b42-11e7-a2b5-204747335338', '9ae3b470-39dc-11e7-b904-204747335338', 'Enchiladas de mole', NULL, b'0', '2017-05-17 15:52:36', '2018-01-21 19:25:37', NULL),
	('c1f91c4b-3b42-11e7-a2b5-204747335338', '9ae3b470-39dc-11e7-b904-204747335338', 'Enchiladas suizas', NULL, b'0', '2017-05-17 15:52:36', '2018-01-21 19:25:37', NULL),
	('c1f91d3d-3b42-11e7-a2b5-204747335338', '9ae3b470-39dc-11e7-b904-204747335338', 'Estofado de res', NULL, b'0', '2017-05-17 15:52:36', '2018-01-21 19:25:37', NULL),
	('c1f91e28-3b42-11e7-a2b5-204747335338', '9ae3b470-39dc-11e7-b904-204747335338', 'Fajitas de pollo enchipotladas', NULL, b'0', '2017-05-17 15:52:36', '2018-01-21 19:25:37', NULL),
	('c1f91f62-3b42-11e7-a2b5-204747335338', '9ae3b470-39dc-11e7-b904-204747335338', 'Filete de pescado al vapor', NULL, b'0', '2017-05-17 15:52:36', '2018-01-21 19:25:37', NULL),
	('c1f9206c-3b42-11e7-a2b5-204747335338', '9ae3b470-39dc-11e7-b904-204747335338', 'Filete de pescado empanizado', NULL, b'0', '2017-05-17 15:52:36', '2018-01-21 19:25:37', NULL),
	('c1f921a0-3b42-11e7-a2b5-204747335338', '9ae3b470-39dc-11e7-b904-204747335338', 'Hamburguesas', NULL, b'0', '2017-05-17 15:52:36', '2018-01-21 19:25:37', NULL),
	('c1f92285-3b42-11e7-a2b5-204747335338', '9ae3b470-39dc-11e7-b904-204747335338', 'Higado encebollado', NULL, b'0', '2017-05-17 15:52:36', '2018-01-21 19:25:37', NULL),
	('c1f92383-3b42-11e7-a2b5-204747335338', '9ae3b470-39dc-11e7-b904-204747335338', 'Mojarra frita', NULL, b'0', '2017-05-17 15:52:36', '2018-01-21 19:25:37', NULL),
	('c1f92480-3b42-11e7-a2b5-204747335338', '9ae3b470-39dc-11e7-b904-204747335338', 'Pechuga a la Cordon Blue', NULL, b'0', '2017-05-17 15:52:36', '2018-01-21 19:25:37', NULL),
	('c1f92578-3b42-11e7-a2b5-204747335338', '9ae3b470-39dc-11e7-b904-204747335338', 'Pechuga asada', NULL, b'0', '2017-05-17 15:52:36', '2018-01-21 19:25:37', NULL),
	('c1f9267c-3b42-11e7-a2b5-204747335338', '9ae3b470-39dc-11e7-b904-204747335338', 'Pechuga empanizada', NULL, b'0', '2017-05-17 15:52:36', '2018-01-21 19:25:37', NULL),
	('c1f92773-3b42-11e7-a2b5-204747335338', '9ae3b470-39dc-11e7-b904-204747335338', 'Pechuga frita', NULL, b'0', '2017-05-17 15:52:36', '2018-01-21 19:25:37', NULL),
	('c1f92871-3b42-11e7-a2b5-204747335338', '9ae3b470-39dc-11e7-b904-204747335338', 'Pechuga italiana', NULL, b'0', '2017-05-17 15:52:36', '2018-01-21 19:25:37', NULL),
	('c1f92962-3b42-11e7-a2b5-204747335338', '9ae3b470-39dc-11e7-b904-204747335338', 'Picadillo de res', NULL, b'0', '2017-05-17 15:52:36', '2018-01-21 19:25:37', NULL),
	('c1f92a54-3b42-11e7-a2b5-204747335338', '9ae3b470-39dc-11e7-b904-204747335338', 'Pollo a la jardinera', NULL, b'0', '2017-05-17 15:52:36', '2018-01-21 19:25:37', NULL),
	('c1f92b4b-3b42-11e7-a2b5-204747335338', '9ae3b470-39dc-11e7-b904-204747335338', 'Pollo a la mexicana', NULL, b'0', '2017-05-17 15:52:36', '2018-01-21 19:25:37', NULL),
	('c1f92c43-3b42-11e7-a2b5-204747335338', '9ae3b470-39dc-11e7-b904-204747335338', 'Pollo en barbacoa', NULL, b'0', '2017-05-17 15:52:36', '2018-01-21 19:25:37', NULL),
	('c1f92d3a-3b42-11e7-a2b5-204747335338', '9ae3b470-39dc-11e7-b904-204747335338', 'Pollo en caldo', NULL, b'0', '2017-05-17 15:52:36', '2018-01-21 19:25:37', NULL),
	('c1f92e32-3b42-11e7-a2b5-204747335338', '9ae3b470-39dc-11e7-b904-204747335338', 'Pollo en estofado', NULL, b'0', '2017-05-17 15:52:36', '2018-01-21 19:25:37', NULL),
	('c1f92f29-3b42-11e7-a2b5-204747335338', '9ae3b470-39dc-11e7-b904-204747335338', 'Pollo en mole', NULL, b'0', '2017-05-17 15:52:36', '2018-01-21 19:25:37', NULL),
	('c1f9301b-3b42-11e7-a2b5-204747335338', '9ae3b470-39dc-11e7-b904-204747335338', 'Pollo en salsa de cochito', NULL, b'0', '2017-05-17 15:52:36', '2018-01-21 19:25:37', NULL),
	('c1f9310c-3b42-11e7-a2b5-204747335338', '9ae3b470-39dc-11e7-b904-204747335338', 'Pollo en salsa verde', NULL, b'0', '2017-05-17 15:52:36', '2018-01-21 19:25:37', NULL),
	('c1f931f8-3b42-11e7-a2b5-204747335338', '9ae3b470-39dc-11e7-b904-204747335338', 'Pozole', NULL, b'0', '2017-05-17 15:52:36', '2018-01-21 19:25:37', NULL),
	('c1f932dd-3b42-11e7-a2b5-204747335338', '9ae3b470-39dc-11e7-b904-204747335338', 'Puerco en salsa verde', NULL, b'0', '2017-05-17 15:52:36', '2018-01-21 19:25:37', NULL),
	('c1f933db-3b42-11e7-a2b5-204747335338', '9ae3b470-39dc-11e7-b904-204747335338', 'Sopa caldosa', NULL, b'0', '2017-05-17 15:52:36', '2018-01-21 19:25:37', NULL),
	('c1f934f1-3b42-11e7-a2b5-204747335338', '9ae3b470-39dc-11e7-b904-204747335338', 'Tazajo con frijol y arroz', NULL, b'0', '2017-05-17 15:52:36', '2018-01-21 19:25:37', NULL),
	('c1f935e8-3b42-11e7-a2b5-204747335338', '9ae3b470-39dc-11e7-b904-204747335338', 'Tortitas de papa', NULL, b'0', '2017-05-17 15:52:36', '2018-01-21 19:25:37', NULL),
	('f6ffb10e-b5e9-4ba6-b713-b2ed3473853a', '9ae3b470-39dc-11e7-b904-204747335338', 'Nachos Salvajes', 0.00, b'0', '2018-01-22 21:57:02', NULL, '954b649c-3c10-11e7-a2b5-204747335338');
/*!40000 ALTER TABLE `tbl_items` ENABLE KEYS */;


-- Volcando estructura para tabla bd_guajiro.tbl_listadoseldetalle
CREATE TABLE IF NOT EXISTS `tbl_listadoseldetalle` (
  `idlsselecciondetalle` varchar(50) NOT NULL,
  `idlistadoseleccion` varchar(80) DEFAULT NULL,
  `descripcion` varchar(100) DEFAULT NULL,
  PRIMARY KEY (`idlsselecciondetalle`),
  KEY `FK_tbl_listadoseldetalle_tbl_listadoseleccion` (`idlistadoseleccion`),
  CONSTRAINT `FK_tbl_listadoseldetalle_tbl_listadoseleccion` FOREIGN KEY (`idlistadoseleccion`) REFERENCES `tbl_listadoseleccion` (`idlistadoseleccion`) ON DELETE NO ACTION ON UPDATE CASCADE
) ENGINE=InnoDB DEFAULT CHARSET=utf8;

-- Volcando datos para la tabla bd_guajiro.tbl_listadoseldetalle: ~30 rows (aproximadamente)
/*!40000 ALTER TABLE `tbl_listadoseldetalle` DISABLE KEYS */;
INSERT INTO `tbl_listadoseldetalle` (`idlsselecciondetalle`, `idlistadoseleccion`, `descripcion`) VALUES
	('10c9f0b5-39dd-11e7-b904-204747335338', '434bf20e-3688-11e7-b904-204747335338', 'Guarnición'),
	('604a3263-3b86-11e7-a2b5-204747335338', '5fd493ef-3688-11e7-b904-204747335338', 'Vaso'),
	('6c221cc9-6284-11e7-a068-204747335338', '64a0a6ab-3688-11e7-b904-204747335338', 'Opciones'),
	('9ae3b470-39dc-11e7-b904-204747335338', '434bf20e-3688-11e7-b904-204747335338', 'Comida'),
	('abdaa948-3b86-11e7-a2b5-204747335338', '5fd493ef-3688-11e7-b904-204747335338', 'Taza'),
	('e0e8f331-fe83-11e7-83f1-204747335338', '4f6f64bf-3688-11e7-b904-204747335338', 'Moral'),
	('e0eaa02f-fe83-11e7-83f1-204747335338', '4f6f64bf-3688-11e7-b904-204747335338', 'Fisica'),
	('e47c55ba-368a-11e7-b904-204747335338', '34110ff8-3688-11e7-b904-204747335338', 'Ingreso'),
	('e47c6009-368a-11e7-b904-204747335338', '595922d0-3688-11e7-b904-204747335338', 'Cliente'),
	('e47c61f8-368a-11e7-b904-204747335338', '595922d0-3688-11e7-b904-204747335338', 'Proveedor'),
	('e47c6405-368a-11e7-b904-204747335338', '64a0a6ab-3688-11e7-b904-204747335338', 'Precio'),
	('e47c6587-368a-11e7-b904-204747335338', '64a0a6ab-3688-11e7-b904-204747335338', 'Peso'),
	('e47c66f1-368a-11e7-b904-204747335338', '5fd493ef-3688-11e7-b904-204747335338', 'Pieza'),
	('e47c6838-368a-11e7-b904-204747335338', '5fd493ef-3688-11e7-b904-204747335338', 'Bolsa'),
	('e47c69a8-368a-11e7-b904-204747335338', '5fd493ef-3688-11e7-b904-204747335338', 'Kilo'),
	('e47c6b42-368a-11e7-b904-204747335338', '5fd493ef-3688-11e7-b904-204747335338', 'Litro'),
	('e47c6cd1-368a-11e7-b904-204747335338', '5fd493ef-3688-11e7-b904-204747335338', 'Botella'),
	('e47c6e3b-368a-11e7-b904-204747335338', '34110ff8-3688-11e7-b904-204747335338', 'Egreso'),
	('e47c6f87-368a-11e7-b904-204747335338', '434bf20e-3688-11e7-b904-204747335338', 'Desayuno'),
	('e47c70cd-368a-11e7-b904-204747335338', '434bf20e-3688-11e7-b904-204747335338', 'Bebidas'),
	('e47c720d-368a-11e7-b904-204747335338', '434bf20e-3688-11e7-b904-204747335338', 'Postres'),
	('e47c7365-368a-11e7-b904-204747335338', '434bf20e-3688-11e7-b904-204747335338', 'Congelados'),
	('e47c74b7-368a-11e7-b904-204747335338', '434bf20e-3688-11e7-b904-204747335338', 'Plasticos'),
	('e47c7609-368a-11e7-b904-204747335338', '434bf20e-3688-11e7-b904-204747335338', 'Utensilios'),
	('e47c7737-368a-11e7-b904-204747335338', '434bf20e-3688-11e7-b904-204747335338', 'Limpieza'),
	('ed1679d5-3b84-11e7-a2b5-204747335338', '5fd493ef-3688-11e7-b904-204747335338', 'Orden'),
	('ed9a8d7c-6358-11e7-a068-204747335338', '434bf20e-3688-11e7-b904-204747335338', 'Observaciones Alimentos'),
	('ff9a4a3f-f42a-11e7-83f1-204747335338', 'b06d265a-f42a-11e7-83f1-204747335338', 'Móvil'),
	('ff9a4dff-f42a-11e7-83f1-204747335338', 'b06d265a-f42a-11e7-83f1-204747335338', 'Casa'),
	('ff9a4ea2-f42a-11e7-83f1-204747335338', 'b06d265a-f42a-11e7-83f1-204747335338', 'Trabajo');
/*!40000 ALTER TABLE `tbl_listadoseldetalle` ENABLE KEYS */;


-- Volcando estructura para tabla bd_guajiro.tbl_listadoseleccion
CREATE TABLE IF NOT EXISTS `tbl_listadoseleccion` (
  `idlistadoseleccion` varchar(50) NOT NULL,
  `descripcion` varchar(100) DEFAULT NULL,
  PRIMARY KEY (`idlistadoseleccion`)
) ENGINE=InnoDB DEFAULT CHARSET=utf8;

-- Volcando datos para la tabla bd_guajiro.tbl_listadoseleccion: ~7 rows (aproximadamente)
/*!40000 ALTER TABLE `tbl_listadoseleccion` DISABLE KEYS */;
INSERT INTO `tbl_listadoseleccion` (`idlistadoseleccion`, `descripcion`) VALUES
	('34110ff8-3688-11e7-b904-204747335338', 'Tipo Movimiento'),
	('434bf20e-3688-11e7-b904-204747335338', 'Tipo Item'),
	('4f6f64bf-3688-11e7-b904-204747335338', 'Tipo Persona'),
	('595922d0-3688-11e7-b904-204747335338', 'Tipo Contribuyente'),
	('5fd493ef-3688-11e7-b904-204747335338', 'Tipo Unidad'),
	('64a0a6ab-3688-11e7-b904-204747335338', 'Tipo Caracteristica'),
	('b06d265a-f42a-11e7-83f1-204747335338', 'Tipo Teléfono');
/*!40000 ALTER TABLE `tbl_listadoseleccion` ENABLE KEYS */;


-- Volcando estructura para tabla bd_guajiro.tbl_menudeldia
CREATE TABLE IF NOT EXISTS `tbl_menudeldia` (
  `idmenu` varchar(50) NOT NULL,
  `fecha` datetime DEFAULT NULL,
  PRIMARY KEY (`idmenu`)
) ENGINE=InnoDB DEFAULT CHARSET=utf8;

-- Volcando datos para la tabla bd_guajiro.tbl_menudeldia: ~4 rows (aproximadamente)
/*!40000 ALTER TABLE `tbl_menudeldia` DISABLE KEYS */;
INSERT INTO `tbl_menudeldia` (`idmenu`, `fecha`) VALUES
	('14159f86-188a-4e27-a350-711db0b4c2e6', '2018-01-21 14:12:08'),
	('635ccee7-e232-11e7-9155-204747335338', '2017-12-16 01:42:25'),
	('ccae6972-cf45-46d4-8122-8714a176833e', '2018-01-15 20:53:20'),
	('d8f9de72-6502-42d6-b110-380abd4d5560', '2018-01-22 21:39:21');
/*!40000 ALTER TABLE `tbl_menudeldia` ENABLE KEYS */;


-- Volcando estructura para tabla bd_guajiro.tbl_mesas
CREATE TABLE IF NOT EXISTS `tbl_mesas` (
  `idmesa` varchar(50) NOT NULL,
  `num_mesa` int(11) DEFAULT NULL,
  `desc_mesa` varchar(50) DEFAULT NULL,
  PRIMARY KEY (`idmesa`)
) ENGINE=InnoDB DEFAULT CHARSET=utf8;

-- Volcando datos para la tabla bd_guajiro.tbl_mesas: ~11 rows (aproximadamente)
/*!40000 ALTER TABLE `tbl_mesas` DISABLE KEYS */;
INSERT INTO `tbl_mesas` (`idmesa`, `num_mesa`, `desc_mesa`) VALUES
	('1cc7415e-e484-11e7-8cd6-204747335338', 0, 'Para llevar'),
	('1e2164b4-83a4-11e7-b695-204747335338', 1, 'Mesa 1'),
	('1e23e580-83a4-11e7-b695-204747335338', 2, 'Mesa 2'),
	('1e23ea80-83a4-11e7-b695-204747335338', 3, 'Mesa 3'),
	('1e23eb35-83a4-11e7-b695-204747335338', 4, 'Mesa 4'),
	('1e23ebae-83a4-11e7-b695-204747335338', 5, 'Mesa 5'),
	('1e23ec21-83a4-11e7-b695-204747335338', 6, 'Mesa 6'),
	('1e23ec8e-83a4-11e7-b695-204747335338', 7, 'Mesa 7'),
	('1e23ed6d-83a4-11e7-b695-204747335338', 8, 'Mesa 8'),
	('1e23f090-83a4-11e7-b695-204747335338', 9, 'Mesa 9'),
	('1e23f0fd-83a4-11e7-b695-204747335338', 10, 'Mesa 10');
/*!40000 ALTER TABLE `tbl_mesas` ENABLE KEYS */;


-- Volcando estructura para tabla bd_guajiro.tbl_movimientos
CREATE TABLE IF NOT EXISTS `tbl_movimientos` (
  `idmovimiento` varchar(50) NOT NULL,
  `idlstipomovimiento` varchar(50) DEFAULT NULL,
  `fecha` datetime DEFAULT NULL,
  `descripcion` varchar(50) DEFAULT NULL,
  `monto` decimal(10,2) DEFAULT NULL,
  `fecha_creacion` datetime DEFAULT CURRENT_TIMESTAMP,
  `fecha_modificacion` datetime DEFAULT NULL ON UPDATE CURRENT_TIMESTAMP,
  `crea_usuario` varchar(50) DEFAULT NULL,
  PRIMARY KEY (`idmovimiento`)
) ENGINE=InnoDB DEFAULT CHARSET=utf8;

-- Volcando datos para la tabla bd_guajiro.tbl_movimientos: ~9 rows (aproximadamente)
/*!40000 ALTER TABLE `tbl_movimientos` DISABLE KEYS */;
INSERT INTO `tbl_movimientos` (`idmovimiento`, `idlstipomovimiento`, `fecha`, `descripcion`, `monto`, `fecha_creacion`, `fecha_modificacion`, `crea_usuario`) VALUES
	('12204006-fb23-4428-9b75-ed012db6518a', 'e47c55ba-368a-11e7-b904-204747335338', '2018-01-25 23:16:09', 'Venta de Comida', 45.00, '2018-01-25 23:16:15', NULL, 'c7bfeac8-3c10-11e7-a2b5-204747335338'),
	('227e15b1-5370-4804-9338-b3c02a336116', 'e47c55ba-368a-11e7-b904-204747335338', '2017-12-17 00:12:02', 'Venta de Comida', 45.00, '2017-12-17 00:12:52', '2018-01-13 18:15:46', 'c7bfeac8-3c10-11e7-a2b5-204747335338'),
	('236707f2-fb1d-46a9-8769-9bb87c204f52', 'e47c55ba-368a-11e7-b904-204747335338', '2018-01-25 23:02:08', 'Venta de Comida', 45.00, '2018-01-25 23:02:20', NULL, 'c7bfeac8-3c10-11e7-a2b5-204747335338'),
	('b838c33f-c5ea-49f2-9ade-0f4e64972819', 'e47c55ba-368a-11e7-b904-204747335338', '2017-12-22 23:57:38', 'Venta de Comida', 170.00, '2017-12-22 23:57:47', '2018-01-13 18:15:52', 'c7bfeac8-3c10-11e7-a2b5-204747335338'),
	('e4d7b656-0397-4238-b991-607f6ace3ef2', 'e47c55ba-368a-11e7-b904-204747335338', '2018-01-22 21:42:57', 'Venta de Comida', 180.00, '2018-01-22 21:43:16', NULL, 'c7bfeac8-3c10-11e7-a2b5-204747335338'),
	('ea379dfa-e2f0-11e7-9155-204747335338', 'e47c55ba-368a-11e7-b904-204747335338', '2017-12-12 23:26:35', 'Venta de Comida', 100.00, '2017-12-17 00:06:14', '2018-01-13 18:15:56', 'c7bfeac8-3c10-11e7-a2b5-204747335338'),
	('ea37a61d-e2f0-11e7-9155-204747335338', 'e47c55ba-368a-11e7-b904-204747335338', '2017-12-11 01:05:23', 'Venta de Comida', 80.00, '2017-12-17 00:06:14', '2018-01-13 18:15:59', 'c7bfeac8-3c10-11e7-a2b5-204747335338'),
	('ea37a775-e2f0-11e7-9155-204747335338', 'e47c55ba-368a-11e7-b904-204747335338', '2017-12-11 01:24:30', 'Venta de Comida', 50.00, '2017-12-17 00:06:14', '2018-01-13 18:16:03', 'c7bfeac8-3c10-11e7-a2b5-204747335338'),
	('ea37a7ee-e2f0-11e7-9155-204747335338', 'e47c55ba-368a-11e7-b904-204747335338', '2017-12-11 01:11:14', 'Venta de Comida', 70.00, '2017-12-17 00:06:14', '2018-01-13 18:16:10', 'c7bfeac8-3c10-11e7-a2b5-204747335338');
/*!40000 ALTER TABLE `tbl_movimientos` ENABLE KEYS */;


-- Volcando estructura para tabla bd_guajiro.tbl_municipios
CREATE TABLE IF NOT EXISTS `tbl_municipios` (
  `idmunicipio` varchar(100) NOT NULL,
  `idestado` varchar(100) DEFAULT NULL,
  `nombre` varchar(100) DEFAULT NULL,
  PRIMARY KEY (`idmunicipio`)
) ENGINE=InnoDB DEFAULT CHARSET=utf8;

-- Volcando datos para la tabla bd_guajiro.tbl_municipios: ~134 rows (aproximadamente)
/*!40000 ALTER TABLE `tbl_municipios` DISABLE KEYS */;
INSERT INTO `tbl_municipios` (`idmunicipio`, `idestado`, `nombre`) VALUES
	('0DEDFD4A-BC92-466E-A801-072163B09CF1', '4b8f4865-f68c-11e7-83f1-204747335338', 'Rincon de Romos'),
	('0E5FD219-ADA1-41F1-B6AF-F9947716B161', '4b8f4865-f68c-11e7-83f1-204747335338', 'San Francisco de los Romo'),
	('1A9EFA34-B0FB-4A30-BBC5-2B3E9A0F10EE', '4b8f4865-f68c-11e7-83f1-204747335338', 'San Jose de Gracia'),
	('1e919eff-f73c-11e7-83f1-204747335338', '4b8f4b64-f68c-11e7-83f1-204747335338', 'Ensenada'),
	('1e91a5b8-f73c-11e7-83f1-204747335338', '4b8f4b64-f68c-11e7-83f1-204747335338', 'Mexicali'),
	('1e91a685-f73c-11e7-83f1-204747335338', '4b8f4b64-f68c-11e7-83f1-204747335338', 'Playas de Rosarito'),
	('1e91a76a-f73c-11e7-83f1-204747335338', '4b8f4b64-f68c-11e7-83f1-204747335338', 'Tecate'),
	('1e91a813-f73c-11e7-83f1-204747335338', '4b8f4b64-f68c-11e7-83f1-204747335338', 'Tijuana'),
	('3E5B4EB2-89C9-4005-95CB-ABE09B5B9F07', '4b8f4865-f68c-11e7-83f1-204747335338', 'Calvillo'),
	('4929d9ef-fcd3-11e7-83f1-204747335338', '4b8f4c31-f68c-11e7-83f1-204747335338', 'Acacoyagua'),
	('4929debf-fcd3-11e7-83f1-204747335338', '4b8f4c31-f68c-11e7-83f1-204747335338', 'Acala'),
	('4929df4a-fcd3-11e7-83f1-204747335338', '4b8f4c31-f68c-11e7-83f1-204747335338', 'Acapetahua'),
	('4929e029-fcd3-11e7-83f1-204747335338', '4b8f4c31-f68c-11e7-83f1-204747335338', 'Aldama'),
	('4929e090-fcd3-11e7-83f1-204747335338', '4b8f4c31-f68c-11e7-83f1-204747335338', 'Altamirano'),
	('4929e0f0-fcd3-11e7-83f1-204747335338', '4b8f4c31-f68c-11e7-83f1-204747335338', 'Amatan'),
	('4929e14b-fcd3-11e7-83f1-204747335338', '4b8f4c31-f68c-11e7-83f1-204747335338', 'Amatenango de la Frontera'),
	('4929e1be-fcd3-11e7-83f1-204747335338', '4b8f4c31-f68c-11e7-83f1-204747335338', 'Amatenango del Valle'),
	('4929e23c-fcd3-11e7-83f1-204747335338', '4b8f4c31-f68c-11e7-83f1-204747335338', 'Angel Albino Corzo'),
	('4929e291-fcd3-11e7-83f1-204747335338', '4b8f4c31-f68c-11e7-83f1-204747335338', 'Arriaga'),
	('4929e2eb-fcd3-11e7-83f1-204747335338', '4b8f4c31-f68c-11e7-83f1-204747335338', 'Bejucal de Ocampo'),
	('4929e33a-fcd3-11e7-83f1-204747335338', '4b8f4c31-f68c-11e7-83f1-204747335338', 'Bella Vista'),
	('4929e395-fcd3-11e7-83f1-204747335338', '4b8f4c31-f68c-11e7-83f1-204747335338', 'Benemerito de las Americas'),
	('4929e3f5-fcd3-11e7-83f1-204747335338', '4b8f4c31-f68c-11e7-83f1-204747335338', 'Berriozabal'),
	('4929e450-fcd3-11e7-83f1-204747335338', '4b8f4c31-f68c-11e7-83f1-204747335338', 'Bochil'),
	('4929e4a4-fcd3-11e7-83f1-204747335338', '4b8f4c31-f68c-11e7-83f1-204747335338', 'Cacahoatan'),
	('4929e505-fcd3-11e7-83f1-204747335338', '4b8f4c31-f68c-11e7-83f1-204747335338', 'Catazaja'),
	('4929e565-fcd3-11e7-83f1-204747335338', '4b8f4c31-f68c-11e7-83f1-204747335338', 'Chalchihuitan'),
	('4929e5d8-fcd3-11e7-83f1-204747335338', '4b8f4c31-f68c-11e7-83f1-204747335338', 'Chamula'),
	('4929e621-fcd3-11e7-83f1-204747335338', '4b8f4c31-f68c-11e7-83f1-204747335338', 'Chanal'),
	('4929e65d-fcd3-11e7-83f1-204747335338', '4b8f4c31-f68c-11e7-83f1-204747335338', 'Chapultenango'),
	('4929e9aa-fcd3-11e7-83f1-204747335338', '4b8f4c31-f68c-11e7-83f1-204747335338', 'Chenalho'),
	('4929ea2f-fcd3-11e7-83f1-204747335338', '4b8f4c31-f68c-11e7-83f1-204747335338', 'Chiapa de Corzo'),
	('4929ea6b-fcd3-11e7-83f1-204747335338', '4b8f4c31-f68c-11e7-83f1-204747335338', 'Chiapilla'),
	('4929eaa8-fcd3-11e7-83f1-204747335338', '4b8f4c31-f68c-11e7-83f1-204747335338', 'Chicoasen'),
	('4929eade-fcd3-11e7-83f1-204747335338', '4b8f4c31-f68c-11e7-83f1-204747335338', 'Chicomuselo'),
	('4929eb1a-fcd3-11e7-83f1-204747335338', '4b8f4c31-f68c-11e7-83f1-204747335338', 'Chilon'),
	('4929eb57-fcd3-11e7-83f1-204747335338', '4b8f4c31-f68c-11e7-83f1-204747335338', 'Cintalapa'),
	('4929eb87-fcd3-11e7-83f1-204747335338', '4b8f4c31-f68c-11e7-83f1-204747335338', 'Coapilla'),
	('4929ebbd-fcd3-11e7-83f1-204747335338', '4b8f4c31-f68c-11e7-83f1-204747335338', 'Comitan de Dominguez'),
	('4929ebf4-fcd3-11e7-83f1-204747335338', '4b8f4c31-f68c-11e7-83f1-204747335338', 'Copainala'),
	('4929ec24-fcd3-11e7-83f1-204747335338', '4b8f4c31-f68c-11e7-83f1-204747335338', 'El Bosque'),
	('4929ec5a-fcd3-11e7-83f1-204747335338', '4b8f4c31-f68c-11e7-83f1-204747335338', 'El Porvenir'),
	('4929ec97-fcd3-11e7-83f1-204747335338', '4b8f4c31-f68c-11e7-83f1-204747335338', 'Escuintla'),
	('4929eccd-fcd3-11e7-83f1-204747335338', '4b8f4c31-f68c-11e7-83f1-204747335338', 'Francisco Leon'),
	('4929ed04-fcd3-11e7-83f1-204747335338', '4b8f4c31-f68c-11e7-83f1-204747335338', 'Frontera Comalapa'),
	('4929ed3a-fcd3-11e7-83f1-204747335338', '4b8f4c31-f68c-11e7-83f1-204747335338', 'Frontera Hidalgo'),
	('4929ed70-fcd3-11e7-83f1-204747335338', '4b8f4c31-f68c-11e7-83f1-204747335338', 'Huehuetan'),
	('4929eda7-fcd3-11e7-83f1-204747335338', '4b8f4c31-f68c-11e7-83f1-204747335338', 'Huitiupan'),
	('4929eddd-fcd3-11e7-83f1-204747335338', '4b8f4c31-f68c-11e7-83f1-204747335338', 'Huixtan'),
	('4929ee13-fcd3-11e7-83f1-204747335338', '4b8f4c31-f68c-11e7-83f1-204747335338', 'Huixtla'),
	('4929ee44-fcd3-11e7-83f1-204747335338', '4b8f4c31-f68c-11e7-83f1-204747335338', 'Ixhuatan'),
	('4929ee7a-fcd3-11e7-83f1-204747335338', '4b8f4c31-f68c-11e7-83f1-204747335338', 'Ixtacomitan'),
	('4929eeb0-fcd3-11e7-83f1-204747335338', '4b8f4c31-f68c-11e7-83f1-204747335338', 'Ixtapa'),
	('4929eeff-fcd3-11e7-83f1-204747335338', '4b8f4c31-f68c-11e7-83f1-204747335338', 'Ixtapangajoya'),
	('4929ef35-fcd3-11e7-83f1-204747335338', '4b8f4c31-f68c-11e7-83f1-204747335338', 'Jiquipilas'),
	('4929ef6b-fcd3-11e7-83f1-204747335338', '4b8f4c31-f68c-11e7-83f1-204747335338', 'Jitotol'),
	('4929efa2-fcd3-11e7-83f1-204747335338', '4b8f4c31-f68c-11e7-83f1-204747335338', 'Juarez'),
	('4929efd8-fcd3-11e7-83f1-204747335338', '4b8f4c31-f68c-11e7-83f1-204747335338', 'La Concordia'),
	('4929f00e-fcd3-11e7-83f1-204747335338', '4b8f4c31-f68c-11e7-83f1-204747335338', 'La Grandeza'),
	('4929f045-fcd3-11e7-83f1-204747335338', '4b8f4c31-f68c-11e7-83f1-204747335338', 'La Independencia'),
	('4929f081-fcd3-11e7-83f1-204747335338', '4b8f4c31-f68c-11e7-83f1-204747335338', 'La Libertad'),
	('4929f0b1-fcd3-11e7-83f1-204747335338', '4b8f4c31-f68c-11e7-83f1-204747335338', 'La Trinitaria'),
	('4929f0e8-fcd3-11e7-83f1-204747335338', '4b8f4c31-f68c-11e7-83f1-204747335338', 'Larrainzar'),
	('4929f11e-fcd3-11e7-83f1-204747335338', '4b8f4c31-f68c-11e7-83f1-204747335338', 'Las Margaritas'),
	('4929f14e-fcd3-11e7-83f1-204747335338', '4b8f4c31-f68c-11e7-83f1-204747335338', 'Las Rosas'),
	('4929f185-fcd3-11e7-83f1-204747335338', '4b8f4c31-f68c-11e7-83f1-204747335338', 'Mapastepec'),
	('4929f1bb-fcd3-11e7-83f1-204747335338', '4b8f4c31-f68c-11e7-83f1-204747335338', 'Maravilla Tenejapa'),
	('4929f1f7-fcd3-11e7-83f1-204747335338', '4b8f4c31-f68c-11e7-83f1-204747335338', 'Marques de Comillas'),
	('4929f228-fcd3-11e7-83f1-204747335338', '4b8f4c31-f68c-11e7-83f1-204747335338', 'Mazapa de Madero'),
	('4929f25e-fcd3-11e7-83f1-204747335338', '4b8f4c31-f68c-11e7-83f1-204747335338', 'Mazatan'),
	('4929f2b3-fcd3-11e7-83f1-204747335338', '4b8f4c31-f68c-11e7-83f1-204747335338', 'Metapa'),
	('4929f2e3-fcd3-11e7-83f1-204747335338', '4b8f4c31-f68c-11e7-83f1-204747335338', 'Mitontic'),
	('4929f319-fcd3-11e7-83f1-204747335338', '4b8f4c31-f68c-11e7-83f1-204747335338', 'Montecristo de Guerrero'),
	('4929f356-fcd3-11e7-83f1-204747335338', '4b8f4c31-f68c-11e7-83f1-204747335338', 'Motozintla'),
	('4929f38c-fcd3-11e7-83f1-204747335338', '4b8f4c31-f68c-11e7-83f1-204747335338', 'Nicolas Ruiz'),
	('4929f3bc-fcd3-11e7-83f1-204747335338', '4b8f4c31-f68c-11e7-83f1-204747335338', 'Ocosingo'),
	('4929f3ff-fcd3-11e7-83f1-204747335338', '4b8f4c31-f68c-11e7-83f1-204747335338', 'Ocotepec'),
	('4929f43b-fcd3-11e7-83f1-204747335338', '4b8f4c31-f68c-11e7-83f1-204747335338', 'Ocozocoautla de Espinosa'),
	('4929f471-fcd3-11e7-83f1-204747335338', '4b8f4c31-f68c-11e7-83f1-204747335338', 'Ostuacan'),
	('4929f4a2-fcd3-11e7-83f1-204747335338', '4b8f4c31-f68c-11e7-83f1-204747335338', 'Osumacinta'),
	('4929f4f0-fcd3-11e7-83f1-204747335338', '4b8f4c31-f68c-11e7-83f1-204747335338', 'Oxchuc'),
	('4929f526-fcd3-11e7-83f1-204747335338', '4b8f4c31-f68c-11e7-83f1-204747335338', 'Palenque'),
	('4929f557-fcd3-11e7-83f1-204747335338', '4b8f4c31-f68c-11e7-83f1-204747335338', 'Pantelho'),
	('4929f58d-fcd3-11e7-83f1-204747335338', '4b8f4c31-f68c-11e7-83f1-204747335338', 'Pantepec'),
	('4929f5c9-fcd3-11e7-83f1-204747335338', '4b8f4c31-f68c-11e7-83f1-204747335338', 'Pichucalco'),
	('4929f600-fcd3-11e7-83f1-204747335338', '4b8f4c31-f68c-11e7-83f1-204747335338', 'Pijijiapan'),
	('4929f630-fcd3-11e7-83f1-204747335338', '4b8f4c31-f68c-11e7-83f1-204747335338', 'Pueblo Nuevo Solistahuacan'),
	('4929f666-fcd3-11e7-83f1-204747335338', '4b8f4c31-f68c-11e7-83f1-204747335338', 'Rayon'),
	('4929f69d-fcd3-11e7-83f1-204747335338', '4b8f4c31-f68c-11e7-83f1-204747335338', 'Reforma'),
	('4929f6d3-fcd3-11e7-83f1-204747335338', '4b8f4c31-f68c-11e7-83f1-204747335338', 'Sabanilla'),
	('4929f709-fcd3-11e7-83f1-204747335338', '4b8f4c31-f68c-11e7-83f1-204747335338', 'Salto de Agua'),
	('4929f740-fcd3-11e7-83f1-204747335338', '4b8f4c31-f68c-11e7-83f1-204747335338', 'San Andres Duraznal'),
	('4929f770-fcd3-11e7-83f1-204747335338', '4b8f4c31-f68c-11e7-83f1-204747335338', 'San Cristobal de las Casas'),
	('4929f7ac-fcd3-11e7-83f1-204747335338', '4b8f4c31-f68c-11e7-83f1-204747335338', 'San Fernando'),
	('4929f7e3-fcd3-11e7-83f1-204747335338', '4b8f4c31-f68c-11e7-83f1-204747335338', 'San Juan Cancuc'),
	('4929f81f-fcd3-11e7-83f1-204747335338', '4b8f4c31-f68c-11e7-83f1-204747335338', 'San Lucas'),
	('4929f856-fcd3-11e7-83f1-204747335338', '4b8f4c31-f68c-11e7-83f1-204747335338', 'Santiago El Pinar'),
	('4929f88c-fcd3-11e7-83f1-204747335338', '4b8f4c31-f68c-11e7-83f1-204747335338', 'Siltepec'),
	('4929f8da-fcd3-11e7-83f1-204747335338', '4b8f4c31-f68c-11e7-83f1-204747335338', 'Simojovel'),
	('4929f911-fcd3-11e7-83f1-204747335338', '4b8f4c31-f68c-11e7-83f1-204747335338', 'Sitala'),
	('4929f947-fcd3-11e7-83f1-204747335338', '4b8f4c31-f68c-11e7-83f1-204747335338', 'Socoltenango'),
	('4929f983-fcd3-11e7-83f1-204747335338', '4b8f4c31-f68c-11e7-83f1-204747335338', 'Solosuchiapa'),
	('4929f9b4-fcd3-11e7-83f1-204747335338', '4b8f4c31-f68c-11e7-83f1-204747335338', 'Soyalo'),
	('4929f9e4-fcd3-11e7-83f1-204747335338', '4b8f4c31-f68c-11e7-83f1-204747335338', 'Suchiapa'),
	('4929fa1a-fcd3-11e7-83f1-204747335338', '4b8f4c31-f68c-11e7-83f1-204747335338', 'Suchiate'),
	('4929fa51-fcd3-11e7-83f1-204747335338', '4b8f4c31-f68c-11e7-83f1-204747335338', 'Sunuapa'),
	('4929fa81-fcd3-11e7-83f1-204747335338', '4b8f4c31-f68c-11e7-83f1-204747335338', 'Tapachula'),
	('4929fabd-fcd3-11e7-83f1-204747335338', '4b8f4c31-f68c-11e7-83f1-204747335338', 'Tapalapa'),
	('4929faee-fcd3-11e7-83f1-204747335338', '4b8f4c31-f68c-11e7-83f1-204747335338', 'Tapilula'),
	('4929fb1e-fcd3-11e7-83f1-204747335338', '4b8f4c31-f68c-11e7-83f1-204747335338', 'Tecpatan'),
	('4929fb54-fcd3-11e7-83f1-204747335338', '4b8f4c31-f68c-11e7-83f1-204747335338', 'Tenejapa'),
	('4929fb85-fcd3-11e7-83f1-204747335338', '4b8f4c31-f68c-11e7-83f1-204747335338', 'Teopisca'),
	('4929fbbb-fcd3-11e7-83f1-204747335338', '4b8f4c31-f68c-11e7-83f1-204747335338', 'Tila'),
	('4929fbf1-fcd3-11e7-83f1-204747335338', '4b8f4c31-f68c-11e7-83f1-204747335338', 'Tonala'),
	('4929fc22-fcd3-11e7-83f1-204747335338', '4b8f4c31-f68c-11e7-83f1-204747335338', 'Totolapa'),
	('4929fc58-fcd3-11e7-83f1-204747335338', '4b8f4c31-f68c-11e7-83f1-204747335338', 'Tumbala'),
	('4929fc88-fcd3-11e7-83f1-204747335338', '4b8f4c31-f68c-11e7-83f1-204747335338', 'Tuxtla Chico'),
	('4929fcbf-fcd3-11e7-83f1-204747335338', '4b8f4c31-f68c-11e7-83f1-204747335338', 'Tuxtla Gutierrez'),
	('4929fcef-fcd3-11e7-83f1-204747335338', '4b8f4c31-f68c-11e7-83f1-204747335338', 'Tuzantan'),
	('4929fd25-fcd3-11e7-83f1-204747335338', '4b8f4c31-f68c-11e7-83f1-204747335338', 'Tzimol'),
	('4929fd5b-fcd3-11e7-83f1-204747335338', '4b8f4c31-f68c-11e7-83f1-204747335338', 'Union Juarez'),
	('4929fd92-fcd3-11e7-83f1-204747335338', '4b8f4c31-f68c-11e7-83f1-204747335338', 'Venustiano Carranza'),
	('4929fdce-fcd3-11e7-83f1-204747335338', '4b8f4c31-f68c-11e7-83f1-204747335338', 'Villa Comaltitlan'),
	('4929fe0b-fcd3-11e7-83f1-204747335338', '4b8f4c31-f68c-11e7-83f1-204747335338', 'Villa Corzo'),
	('4929fe41-fcd3-11e7-83f1-204747335338', '4b8f4c31-f68c-11e7-83f1-204747335338', 'Villaflores'),
	('4929fe71-fcd3-11e7-83f1-204747335338', '4b8f4c31-f68c-11e7-83f1-204747335338', 'Yajalon'),
	('4929fea2-fcd3-11e7-83f1-204747335338', '4b8f4c31-f68c-11e7-83f1-204747335338', 'Zinacantan'),
	('4A6E5A17-C9C9-4BDB-991E-CBBED0819A26', '4b8f4865-f68c-11e7-83f1-204747335338', 'Aguascalientes'),
	('5A9BB178-DE43-4508-BC20-EC49F6C431A5', '4b8f4865-f68c-11e7-83f1-204747335338', 'Asientos'),
	('6342D3BF-62AF-4AA5-BA25-9B506AAC06F3', '4b8f4865-f68c-11e7-83f1-204747335338', 'Jesús María'),
	('66EB9365-E952-46AB-8F0F-22E4A1D02462', '4b8f4865-f68c-11e7-83f1-204747335338', 'Tepezala'),
	('6860D91D-9C4D-4FA2-A1D0-EB5E2C52C676', '4b8f4865-f68c-11e7-83f1-204747335338', 'Cosío'),
	('7C237197-A585-4173-8B33-73A74680B2C3', '4b8f4865-f68c-11e7-83f1-204747335338', 'Pabellón de Arteaga'),
	('CC4B4142-EC40-4CF5-A90C-0D68689BFBA7', '4b8f4865-f68c-11e7-83f1-204747335338', 'El Llano');
/*!40000 ALTER TABLE `tbl_municipios` ENABLE KEYS */;


-- Volcando estructura para tabla bd_guajiro.tbl_ordenes
CREATE TABLE IF NOT EXISTS `tbl_ordenes` (
  `idorden` varchar(50) NOT NULL,
  `iditem` varchar(50) DEFAULT NULL,
  `idguarnicion` varchar(50) DEFAULT NULL,
  `descripcion` varchar(50) DEFAULT NULL,
  `fecha_creacion` datetime DEFAULT CURRENT_TIMESTAMP,
  `fecha_modificacion` datetime DEFAULT NULL ON UPDATE CURRENT_TIMESTAMP,
  `creausuario` varchar(50) DEFAULT NULL,
  PRIMARY KEY (`idorden`)
) ENGINE=InnoDB DEFAULT CHARSET=utf8;

-- Volcando datos para la tabla bd_guajiro.tbl_ordenes: ~66 rows (aproximadamente)
/*!40000 ALTER TABLE `tbl_ordenes` DISABLE KEYS */;
INSERT INTO `tbl_ordenes` (`idorden`, `iditem`, `idguarnicion`, `descripcion`, `fecha_creacion`, `fecha_modificacion`, `creausuario`) VALUES
	('0bb11d89-6384-11e7-a068-204747335338', 'c1f43bbe-3b42-11e7-a2b5-204747335338', '204b7bf8-7b3a-11e7-955d-204747335338', 'Huevo con Verduras', '2017-07-07 21:27:39', '2017-08-07 12:52:50', NULL),
	('0bb123bd-6384-11e7-a068-204747335338', 'c1f43c61-3b42-11e7-a2b5-204747335338', '204b7bf8-7b3a-11e7-955d-204747335338', 'Huevo con Chorizo', '2017-07-07 21:27:39', '2017-08-07 12:52:52', NULL),
	('0bb124d9-6384-11e7-a068-204747335338', 'c1f43cf2-3b42-11e7-a2b5-204747335338', '204b7bf8-7b3a-11e7-955d-204747335338', 'Huevo con Jamón', '2017-07-07 21:27:39', '2017-08-07 12:52:55', NULL),
	('0bb12521-6384-11e7-a068-204747335338', 'c1f43d89-3b42-11e7-a2b5-204747335338', '204b7bf8-7b3a-11e7-955d-204747335338', 'Huevo con Tocino', '2017-07-07 21:27:39', '2017-08-07 12:52:56', NULL),
	('0bb12563-6384-11e7-a068-204747335338', 'c1f43e1a-3b42-11e7-a2b5-204747335338', '204b7bf8-7b3a-11e7-955d-204747335338', 'Huevo con Ejotes', '2017-07-07 21:27:39', '2017-08-07 12:52:58', NULL),
	('0bb125a6-6384-11e7-a068-204747335338', 'c1f43eab-3b42-11e7-a2b5-204747335338', '204b7bf8-7b3a-11e7-955d-204747335338', 'Huevo a la Mexicana', '2017-07-07 21:27:39', '2017-08-07 12:53:00', NULL),
	('0bb125e2-6384-11e7-a068-204747335338', 'c1f43f3c-3b42-11e7-a2b5-204747335338', '204b7bf8-7b3a-11e7-955d-204747335338', 'Huevo en Torta', '2017-07-07 21:27:39', '2017-08-07 12:53:02', NULL),
	('0bb12625-6384-11e7-a068-204747335338', 'c1f43fcd-3b42-11e7-a2b5-204747335338', '204b7bf8-7b3a-11e7-955d-204747335338', 'Huevo estrellado', '2017-07-07 21:27:39', '2017-08-07 12:53:04', NULL),
	('0bb12667-6384-11e7-a068-204747335338', 'c1f44064-3b42-11e7-a2b5-204747335338', '204b7bf8-7b3a-11e7-955d-204747335338', 'Huevos rancheros', '2017-07-07 21:27:39', '2017-08-07 12:53:05', NULL),
	('0bb1269d-6384-11e7-a068-204747335338', 'c1f44100-3b42-11e7-a2b5-204747335338', '204b7bf8-7b3a-11e7-955d-204747335338', 'Huevos divorciados', '2017-07-07 21:27:39', '2017-08-07 12:53:08', NULL),
	('0bb126d4-6384-11e7-a068-204747335338', 'c1f44191-3b42-11e7-a2b5-204747335338', '204b7bf8-7b3a-11e7-955d-204747335338', 'Huevos con camarón seco', '2017-07-07 21:27:39', '2017-08-07 12:53:10', NULL),
	('0bb12710-6384-11e7-a068-204747335338', 'c1f44253-3b42-11e7-a2b5-204747335338', '204b7bf8-7b3a-11e7-955d-204747335338', 'Huevos con machaca', '2017-07-07 21:27:39', '2017-08-07 12:53:11', NULL),
	('0bb12746-6384-11e7-a068-204747335338', 'c1f442ea-3b42-11e7-a2b5-204747335338', '204b7bf8-7b3a-11e7-955d-204747335338', 'Huevos con pollo deshebrado', '2017-07-07 21:27:39', '2017-08-07 12:53:13', NULL),
	('0bb12783-6384-11e7-a068-204747335338', 'c1f44386-3b42-11e7-a2b5-204747335338', '204b7bf8-7b3a-11e7-955d-204747335338', 'Huevos con longaniza', '2017-07-07 21:27:39', '2017-08-07 12:53:15', NULL),
	('0bb127c5-6384-11e7-a068-204747335338', 'c1f44417-3b42-11e7-a2b5-204747335338', '204b7bf8-7b3a-11e7-955d-204747335338', 'Huevos motuleños', '2017-07-07 21:27:39', '2017-08-07 12:53:18', NULL),
	('80bbdb5f-6385-11e7-a068-204747335338', 'c1f45b58-3b42-11e7-a2b5-204747335338', '204e3315-7b3a-11e7-955d-204747335338', 'Albóndiga en caldo', '2017-07-07 21:30:55', '2017-08-07 12:53:46', NULL),
	('80bbe8be-6385-11e7-a068-204747335338', 'c1f45be9-3b42-11e7-a2b5-204747335338', '204e3315-7b3a-11e7-955d-204747335338', 'Albóndiga enchipotlada', '2017-07-07 21:30:55', '2017-08-07 12:53:48', NULL),
	('80bbea22-6385-11e7-a068-204747335338', 'c1f45c8c-3b42-11e7-a2b5-204747335338', '204e3315-7b3a-11e7-955d-204747335338', 'Arrachera', '2017-07-07 21:30:55', '2017-08-07 12:53:50', NULL),
	('80bbeb8c-6385-11e7-a068-204747335338', 'c1f45d17-3b42-11e7-a2b5-204747335338', '204e3315-7b3a-11e7-955d-204747335338', 'Barbacoa de res', '2017-07-07 21:30:55', '2017-08-07 12:53:52', NULL),
	('80bbec84-6385-11e7-a068-204747335338', 'c1f45da8-3b42-11e7-a2b5-204747335338', '204e3315-7b3a-11e7-955d-204747335338', 'Bistec a la mexicana', '2017-07-07 21:30:55', '2017-08-07 12:53:55', NULL),
	('80bbed63-6385-11e7-a068-204747335338', 'c1f45e39-3b42-11e7-a2b5-204747335338', '204e3315-7b3a-11e7-955d-204747335338', 'Calabacita rellena de queso', '2017-07-07 21:30:55', '2017-08-07 12:53:56', NULL),
	('80bbee43-6385-11e7-a068-204747335338', 'c1f900d2-3b42-11e7-a2b5-204747335338', 'b8a7543d-7b9a-11e7-9e1c-204747335338', 'Caldo de marisco', '2017-07-07 21:30:55', '2017-08-07 13:29:17', NULL),
	('80bc4049-6385-11e7-a068-204747335338', 'c1f90284-3b42-11e7-a2b5-204747335338', 'b8a7543d-7b9a-11e7-9e1c-204747335338', 'Caldo de pescado', '2017-07-07 21:30:55', '2017-08-07 13:29:18', NULL),
	('80bc43ba-6385-11e7-a068-204747335338', 'c1f90352-3b42-11e7-a2b5-204747335338', 'b8a7543d-7b9a-11e7-9e1c-204747335338', 'Caldo de res', '2017-07-07 21:30:55', '2017-08-07 13:29:20', NULL),
	('80bc4531-6385-11e7-a068-204747335338', 'c1f90498-3b42-11e7-a2b5-204747335338', 'b8a7543d-7b9a-11e7-9e1c-204747335338', 'Caldo tlalpeño', '2017-07-07 21:30:55', '2017-08-07 13:29:22', NULL),
	('80bc465f-6385-11e7-a068-204747335338', 'c1f90595-3b42-11e7-a2b5-204747335338', '204e3315-7b3a-11e7-955d-204747335338', 'Camarón al mojo de ajo', '2017-07-07 21:30:55', '2017-08-07 12:54:04', NULL),
	('80bc4756-6385-11e7-a068-204747335338', 'c1f90699-3b42-11e7-a2b5-204747335338', '204e3315-7b3a-11e7-955d-204747335338', 'Carne adobada frita', '2017-07-07 21:30:55', '2017-08-07 12:54:07', NULL),
	('80bc485a-6385-11e7-a068-204747335338', 'c1f9079d-3b42-11e7-a2b5-204747335338', NULL, 'Chilaquiles con pollo', '2017-07-07 21:30:55', NULL, NULL),
	('80bc4957-6385-11e7-a068-204747335338', 'c1f9083a-3b42-11e7-a2b5-204747335338', '204e3315-7b3a-11e7-955d-204747335338', 'Chiles rellenos', '2017-07-07 21:30:55', '2017-08-07 12:54:20', NULL),
	('80bc4a5b-6385-11e7-a068-204747335338', 'c1f908d0-3b42-11e7-a2b5-204747335338', '204e3315-7b3a-11e7-955d-204747335338', 'Chuleta ahumada frita', '2017-07-07 21:30:55', '2017-08-07 12:54:22', NULL),
	('80bc4b2e-6385-11e7-a068-204747335338', 'c1f90961-3b42-11e7-a2b5-204747335338', '204e3315-7b3a-11e7-955d-204747335338', 'Chuleta de puerco frita', '2017-07-07 21:30:55', '2017-08-07 12:54:24', NULL),
	('80bc4c14-6385-11e7-a068-204747335338', 'c1f909f8-3b42-11e7-a2b5-204747335338', '204e3315-7b3a-11e7-955d-204747335338', 'Chuleta de res frita', '2017-07-07 21:30:55', '2017-08-07 12:54:25', NULL),
	('80bc4d17-6385-11e7-a068-204747335338', 'c1f90aa1-3b42-11e7-a2b5-204747335338', '204e3315-7b3a-11e7-955d-204747335338', 'Cochinita pibil', '2017-07-07 21:30:55', '2017-08-07 12:54:27', NULL),
	('80bc4dfd-6385-11e7-a068-204747335338', 'c1f915ff-3b42-11e7-a2b5-204747335338', '204e3315-7b3a-11e7-955d-204747335338', 'Cochito', '2017-07-07 21:30:55', '2017-08-07 12:54:29', NULL),
	('80bc4ee8-6385-11e7-a068-204747335338', 'c1f91764-3b42-11e7-a2b5-204747335338', '204e3315-7b3a-11e7-955d-204747335338', 'Costilla a la mexicana', '2017-07-07 21:30:55', '2017-08-07 12:54:34', NULL),
	('80bc4fe6-6385-11e7-a068-204747335338', 'c1f9186d-3b42-11e7-a2b5-204747335338', '204e3315-7b3a-11e7-955d-204747335338', 'Costilla adobada', '2017-07-07 21:30:55', '2017-08-07 12:54:36', NULL),
	('80bc50d1-6385-11e7-a068-204747335338', 'c1f91965-3b42-11e7-a2b5-204747335338', '204e3315-7b3a-11e7-955d-204747335338', 'Costilla frita', '2017-07-07 21:30:55', '2017-08-07 12:54:38', NULL),
	('80bc523b-6385-11e7-a068-204747335338', 'c1f91a5c-3b42-11e7-a2b5-204747335338', '204e3315-7b3a-11e7-955d-204747335338', 'Ejote capeado', '2017-07-07 21:30:55', '2017-08-07 12:54:40', NULL),
	('80bc532d-6385-11e7-a068-204747335338', 'c1f91b4e-3b42-11e7-a2b5-204747335338', NULL, 'Enchiladas de mole', '2017-07-07 21:30:55', NULL, NULL),
	('80bc5412-6385-11e7-a068-204747335338', 'c1f91c4b-3b42-11e7-a2b5-204747335338', NULL, 'Enchiladas suizas', '2017-07-07 21:30:55', NULL, NULL),
	('80bc5504-6385-11e7-a068-204747335338', 'c1f91d3d-3b42-11e7-a2b5-204747335338', '204e3315-7b3a-11e7-955d-204747335338', 'Estofado de res', '2017-07-07 21:30:55', '2017-08-07 12:54:45', NULL),
	('80bc55ef-6385-11e7-a068-204747335338', 'c1f91e28-3b42-11e7-a2b5-204747335338', '204e3315-7b3a-11e7-955d-204747335338', 'Fajitas de pollo enchipotladas', '2017-07-07 21:30:55', '2017-08-07 12:54:48', NULL),
	('80bc56f3-6385-11e7-a068-204747335338', 'c1f91f62-3b42-11e7-a2b5-204747335338', '204e3315-7b3a-11e7-955d-204747335338', 'Filete de pescado al vapor', '2017-07-07 21:30:55', '2017-08-07 12:54:49', NULL),
	('80bc57e4-6385-11e7-a068-204747335338', 'c1f9206c-3b42-11e7-a2b5-204747335338', '204e3315-7b3a-11e7-955d-204747335338', 'Filete de pescado empanizado', '2017-07-07 21:30:55', '2017-08-07 12:54:52', NULL),
	('80bc58ca-6385-11e7-a068-204747335338', 'c1f921a0-3b42-11e7-a2b5-204747335338', NULL, 'Hamburguesas', '2017-07-07 21:30:55', NULL, NULL),
	('80bc59c1-6385-11e7-a068-204747335338', 'c1f92285-3b42-11e7-a2b5-204747335338', '204e3315-7b3a-11e7-955d-204747335338', 'Higado encebollado', '2017-07-07 21:30:55', '2017-08-07 12:54:54', NULL),
	('80bc5acb-6385-11e7-a068-204747335338', 'c1f92383-3b42-11e7-a2b5-204747335338', '204e3315-7b3a-11e7-955d-204747335338', 'Mojarra frita', '2017-07-07 21:30:55', '2017-08-07 12:54:56', NULL),
	('80bc5bb6-6385-11e7-a068-204747335338', 'c1f92480-3b42-11e7-a2b5-204747335338', '204e3315-7b3a-11e7-955d-204747335338', 'Pechuga a la Cordon Blue', '2017-07-07 21:30:55', '2017-08-07 12:54:58', NULL),
	('80bc5ca2-6385-11e7-a068-204747335338', 'c1f92578-3b42-11e7-a2b5-204747335338', '204e3315-7b3a-11e7-955d-204747335338', 'Pechuga asada', '2017-07-07 21:30:55', '2017-08-07 12:55:02', NULL),
	('80bc5d93-6385-11e7-a068-204747335338', 'c1f9267c-3b42-11e7-a2b5-204747335338', '204e3315-7b3a-11e7-955d-204747335338', 'Pechuga empanizada', '2017-07-07 21:30:55', '2017-08-07 12:55:06', NULL),
	('80bc5e8b-6385-11e7-a068-204747335338', 'c1f92773-3b42-11e7-a2b5-204747335338', '204e3315-7b3a-11e7-955d-204747335338', 'Pechuga frita', '2017-07-07 21:30:55', '2017-08-07 12:55:08', NULL),
	('80bc5f82-6385-11e7-a068-204747335338', 'c1f92871-3b42-11e7-a2b5-204747335338', '204e3315-7b3a-11e7-955d-204747335338', 'Pechuga italiana', '2017-07-07 21:30:55', '2017-08-07 12:55:10', NULL),
	('80bc6074-6385-11e7-a068-204747335338', 'c1f92962-3b42-11e7-a2b5-204747335338', '204e3315-7b3a-11e7-955d-204747335338', 'Picadillo de res', '2017-07-07 21:30:55', '2017-08-07 12:55:12', NULL),
	('80bc615f-6385-11e7-a068-204747335338', 'c1f92a54-3b42-11e7-a2b5-204747335338', '204e3315-7b3a-11e7-955d-204747335338', 'Pollo a la jardinera', '2017-07-07 21:30:55', '2017-08-07 12:55:14', NULL),
	('80bc6245-6385-11e7-a068-204747335338', 'c1f92b4b-3b42-11e7-a2b5-204747335338', '204e3315-7b3a-11e7-955d-204747335338', 'Pollo a la mexicana', '2017-07-07 21:30:55', '2017-08-07 12:55:16', NULL),
	('80bc6342-6385-11e7-a068-204747335338', 'c1f92c43-3b42-11e7-a2b5-204747335338', '204e3315-7b3a-11e7-955d-204747335338', 'Pollo en barbacoa', '2017-07-07 21:30:55', '2017-08-07 12:55:18', NULL),
	('80bc6482-6385-11e7-a068-204747335338', 'c1f92d3a-3b42-11e7-a2b5-204747335338', 'b8a7543d-7b9a-11e7-9e1c-204747335338', 'Pollo en caldo', '2017-07-07 21:30:55', '2017-08-07 13:29:28', NULL),
	('80bc6574-6385-11e7-a068-204747335338', 'c1f92e32-3b42-11e7-a2b5-204747335338', '204e3315-7b3a-11e7-955d-204747335338', 'Pollo en estofado', '2017-07-07 21:30:55', '2017-08-07 12:55:32', NULL),
	('80bc6659-6385-11e7-a068-204747335338', 'c1f92f29-3b42-11e7-a2b5-204747335338', '204e3315-7b3a-11e7-955d-204747335338', 'Pollo en mole', '2017-07-07 21:30:55', '2017-08-07 12:55:34', NULL),
	('80bc673f-6385-11e7-a068-204747335338', 'c1f9301b-3b42-11e7-a2b5-204747335338', '204e3315-7b3a-11e7-955d-204747335338', 'Pollo en salsa de cochito', '2017-07-07 21:30:55', '2017-08-07 12:55:36', NULL),
	('80bc6836-6385-11e7-a068-204747335338', 'c1f9310c-3b42-11e7-a2b5-204747335338', '204e3315-7b3a-11e7-955d-204747335338', 'Pollo en salsa verde', '2017-07-07 21:30:55', '2017-08-07 12:55:40', NULL),
	('80bc6928-6385-11e7-a068-204747335338', 'c1f931f8-3b42-11e7-a2b5-204747335338', 'b8a7543d-7b9a-11e7-9e1c-204747335338', 'Pozole', '2017-07-07 21:30:55', '2017-08-07 13:29:34', NULL),
	('80bc8331-6385-11e7-a068-204747335338', 'c1f932dd-3b42-11e7-a2b5-204747335338', '204e3315-7b3a-11e7-955d-204747335338', 'Puerco en salsa verde', '2017-07-07 21:30:55', '2017-08-07 12:55:47', NULL),
	('80bc8532-6385-11e7-a068-204747335338', 'c1f933db-3b42-11e7-a2b5-204747335338', NULL, 'Sopa caldosa', '2017-07-07 21:30:55', NULL, NULL),
	('80bc8654-6385-11e7-a068-204747335338', 'c1f934f1-3b42-11e7-a2b5-204747335338', '204e3315-7b3a-11e7-955d-204747335338', 'Tazajo con frijol y arroz', '2017-07-07 21:30:55', '2017-08-07 13:29:57', NULL),
	('80bc8740-6385-11e7-a068-204747335338', 'c1f935e8-3b42-11e7-a2b5-204747335338', '204e3315-7b3a-11e7-955d-204747335338', 'Tortitas de papa', '2017-07-07 21:30:55', '2017-08-07 12:55:55', NULL);
/*!40000 ALTER TABLE `tbl_ordenes` ENABLE KEYS */;


-- Volcando estructura para tabla bd_guajiro.tbl_personas
CREATE TABLE IF NOT EXISTS `tbl_personas` (
  `idpersona` varchar(50) NOT NULL,
  `idlstipopersona` varchar(50) DEFAULT NULL,
  `idlstipocontribuyente` varchar(50) DEFAULT NULL,
  `rfc` varchar(15) DEFAULT NULL,
  `nprimario` varchar(100) DEFAULT NULL,
  `nsecundario` varchar(100) DEFAULT NULL,
  `paterno` varchar(100) DEFAULT NULL,
  `materno` varchar(100) DEFAULT NULL,
  `razon_social` varchar(350) DEFAULT NULL,
  `email` varchar(50) DEFAULT NULL,
  `fecha_creacion` datetime DEFAULT CURRENT_TIMESTAMP,
  `fecha_modificacion` datetime DEFAULT NULL ON UPDATE CURRENT_TIMESTAMP,
  `crea_usuario` varchar(50) DEFAULT NULL,
  PRIMARY KEY (`idpersona`)
) ENGINE=InnoDB DEFAULT CHARSET=utf8;

-- Volcando datos para la tabla bd_guajiro.tbl_personas: ~10 rows (aproximadamente)
/*!40000 ALTER TABLE `tbl_personas` DISABLE KEYS */;
INSERT INTO `tbl_personas` (`idpersona`, `idlstipopersona`, `idlstipocontribuyente`, `rfc`, `nprimario`, `nsecundario`, `paterno`, `materno`, `razon_social`, `email`, `fecha_creacion`, `fecha_modificacion`, `crea_usuario`) VALUES
	('12284d7a-e164-4732-8d55-3a86ac97973d', 'e47c61f8-368a-11e7-b904-204747335338', 'e0e8f331-fe83-11e7-83f1-204747335338', 'SAMS', 'Sam\'s', NULL, 'Club', 'Walmart', 'Tiendas Walmart S.A. de C.V.', NULL, '2018-01-21 12:30:38', '2018-01-21 12:32:45', '954b649c-3c10-11e7-a2b5-204747335338'),
	('1c87a56f-e479-11e7-8cd6-204747335338', 'e47c6009-368a-11e7-b904-204747335338', 'e0eaa02f-fe83-11e7-83f1-204747335338', 'XAXX010101000', 'Público', NULL, 'General', NULL, 'Público General', NULL, '2018-01-17 00:37:49', '2018-01-21 08:53:45', '954b649c-3c10-11e7-a2b5-204747335338'),
	('1f546f39-9ed6-4ff2-8ad4-376d3bb510d5', 'e47c6009-368a-11e7-b904-204747335338', 'e0e8f331-fe83-11e7-83f1-204747335338', 'ABCD123456789', NULL, NULL, NULL, NULL, 'Llantera 7 Leguas', NULL, '2018-01-21 14:53:59', NULL, '954b649c-3c10-11e7-a2b5-204747335338'),
	('3ec57991-da4a-11e7-9155-204747335338', 'e47c6009-368a-11e7-b904-204747335338', 'e0eaa02f-fe83-11e7-83f1-204747335338', 'LOCJ680608JW3', 'Juan', 'José', 'López', 'Caste', 'Juan José López Caste', NULL, '2018-01-17 00:37:49', '2018-01-21 08:53:47', '954b649c-3c10-11e7-a2b5-204747335338'),
	('4b342018-1724-464b-bbdb-6b2e1597664f', 'e47c61f8-368a-11e7-b904-204747335338', 'e0eaa02f-fe83-11e7-83f1-204747335338', 'qwert', 'Juan', '', 'Pérez', NULL, 'Juan  Pérez ', NULL, '2018-01-21 18:45:57', NULL, '954b649c-3c10-11e7-a2b5-204747335338'),
	('954b649c-3c10-11e7-a2b5-204747335338', 'e47c6009-368a-11e7-b904-204747335338', 'e0eaa02f-fe83-11e7-83f1-204747335338', 'ZEME790501KE1', 'Elí', 'Bulmaro', 'Zenteno', 'Moreno', 'Elí Bulmaro Zenteno Moreno', NULL, '2018-01-17 00:37:49', '2018-01-21 08:53:49', '954b649c-3c10-11e7-a2b5-204747335338'),
	('a31b0a0f-c6ef-4961-9c96-7ee2cef96b81', 'e47c6009-368a-11e7-b904-204747335338', 'e0eaa02f-fe83-11e7-83f1-204747335338', 'BAKB800101CA5', 'Benito', 'Carlos', 'Baez', 'Kuh', 'Benito Carlos Baez Kuh', NULL, '2018-01-20 00:30:18', '2018-01-21 08:53:51', '954b649c-3c10-11e7-a2b5-204747335338'),
	('cdf75403-7c45-4689-a7fb-3b613684739c', 'e47c6009-368a-11e7-b904-204747335338', 'e0eaa02f-fe83-11e7-83f1-204747335338', 'COCS750721LR9', 'Stephen', 'T.', 'Colbert', 'C.', 'Stephen T. Colbert C.', NULL, '2018-01-20 00:08:42', '2018-01-21 08:53:53', '954b649c-3c10-11e7-a2b5-204747335338'),
	('df26992d-0a81-46cb-9829-fb92ec9a5dc7', 'e47c6009-368a-11e7-b904-204747335338', 'e0eaa02f-fe83-11e7-83f1-204747335338', 'GAL123456789', 'Alejandro', NULL, 'Gutiérrez', NULL, 'Alejandro  Gutiérrez ', NULL, '2018-01-22 21:49:47', NULL, '954b649c-3c10-11e7-a2b5-204747335338'),
	('e7e56c93-8f4c-4c7a-96c3-a2c30e741b30', 'e47c61f8-368a-11e7-b904-204747335338', 'e0e8f331-fe83-11e7-83f1-204747335338', 'PLPB123456AS1', 'Plásticos', NULL, 'Pablin', 'S.A. de C.V.', 'Plásticos  Pablin S.A. de C.V.', NULL, '2018-01-21 10:14:48', '2018-01-21 12:32:41', '954b649c-3c10-11e7-a2b5-204747335338');
/*!40000 ALTER TABLE `tbl_personas` ENABLE KEYS */;


-- Volcando estructura para tabla bd_guajiro.tbl_telefonos
CREATE TABLE IF NOT EXISTS `tbl_telefonos` (
  `idtelefono` varchar(50) NOT NULL,
  `idpersona` varchar(50) DEFAULT NULL,
  `idlstipotelefono` varchar(50) DEFAULT NULL,
  `numtelefono` varchar(20) DEFAULT NULL,
  PRIMARY KEY (`idtelefono`)
) ENGINE=InnoDB DEFAULT CHARSET=utf8;

-- Volcando datos para la tabla bd_guajiro.tbl_telefonos: ~6 rows (aproximadamente)
/*!40000 ALTER TABLE `tbl_telefonos` DISABLE KEYS */;
INSERT INTO `tbl_telefonos` (`idtelefono`, `idpersona`, `idlstipotelefono`, `numtelefono`) VALUES
	('0e849f3a-fbb1-11e7-9da6-1c1b0dd5d000', '3ec57991-da4a-11e7-9155-204747335338', 'ff9a4a3f-f42a-11e7-83f1-204747335338', '961-123-4567'),
	('145ab96d-44d3-41d4-86d0-9809b422ee80', '1f546f39-9ed6-4ff2-8ad4-376d3bb510d5', 'ff9a4ea2-f42a-11e7-83f1-204747335338', '1234565422'),
	('627bb62c-9d9c-4fd8-b04d-b2abd35479ea', 'df26992d-0a81-46cb-9829-fb92ec9a5dc7', 'ff9a4a3f-f42a-11e7-83f1-204747335338', '9611234567'),
	('c7df8d58-e375-4788-9c96-b51da56bd694', 'e7e56c93-8f4c-4c7a-96c3-a2c30e741b30', 'ff9a4ea2-f42a-11e7-83f1-204747335338', '123456789'),
	('cba209bf-2e58-4745-8780-c18052c5c7a1', 'cdf75403-7c45-4689-a7fb-3b613684739c', 'ff9a4a3f-f42a-11e7-83f1-204747335338', '9611234567'),
	('fcf9da47-ebea-46fb-a27a-79de6a0dc71f', 'a31b0a0f-c6ef-4961-9c96-7ee2cef96b81', 'ff9a4a3f-f42a-11e7-83f1-204747335338', '9611234567');
/*!40000 ALTER TABLE `tbl_telefonos` ENABLE KEYS */;


-- Volcando estructura para tabla bd_guajiro.tbl_usuarios
CREATE TABLE IF NOT EXISTS `tbl_usuarios` (
  `idusuario` varchar(50) NOT NULL,
  `idpersona` varchar(50) DEFAULT NULL,
  `login` varchar(20) DEFAULT NULL,
  `password` varchar(255) DEFAULT NULL,
  PRIMARY KEY (`idusuario`)
) ENGINE=InnoDB DEFAULT CHARSET=utf8;

-- Volcando datos para la tabla bd_guajiro.tbl_usuarios: ~0 rows (aproximadamente)
/*!40000 ALTER TABLE `tbl_usuarios` DISABLE KEYS */;
INSERT INTO `tbl_usuarios` (`idusuario`, `idpersona`, `login`, `password`) VALUES
	('c7bfeac8-3c10-11e7-a2b5-204747335338', '954b649c-3c10-11e7-a2b5-204747335338', 'admin', '21232f297a57a5a743894a0e4a801fc3');
/*!40000 ALTER TABLE `tbl_usuarios` ENABLE KEYS */;


-- Volcando estructura para vista bd_guajiro.vw_clientes_directorio
-- Creando tabla temporal para superar errores de dependencia de VIEW
CREATE TABLE `vw_clientes_directorio` (
	`idpersona` VARCHAR(50) NOT NULL COLLATE 'utf8_general_ci',
	`razon_social` VARCHAR(350) NULL COLLATE 'utf8_general_ci',
	`rfc` VARCHAR(15) NULL COLLATE 'utf8_general_ci',
	`direccion` VARCHAR(470) NOT NULL COLLATE 'utf8_general_ci',
	`fecha_creacion` DATETIME NULL
) ENGINE=MyISAM;


-- Volcando estructura para vista bd_guajiro.vw_detallemenu
-- Creando tabla temporal para superar errores de dependencia de VIEW
CREATE TABLE `vw_detallemenu` (
	`iddetalle` VARCHAR(50) NOT NULL COLLATE 'utf8_general_ci',
	`idmenu` VARCHAR(50) NULL COLLATE 'utf8_general_ci',
	`iditem` VARCHAR(50) NULL COLLATE 'utf8_general_ci',
	`descripcion` VARCHAR(100) NULL COLLATE 'utf8_general_ci'
) ENGINE=MyISAM;


-- Volcando estructura para vista bd_guajiro.vw_lista_clientes
-- Creando tabla temporal para superar errores de dependencia de VIEW
CREATE TABLE `vw_lista_clientes` (
	`idpersona` VARCHAR(50) NOT NULL COLLATE 'utf8_general_ci',
	`idlstipopersona` VARCHAR(50) NULL COLLATE 'utf8_general_ci',
	`razon_social` VARCHAR(350) NULL COLLATE 'utf8_general_ci'
) ENGINE=MyISAM;


-- Volcando estructura para vista bd_guajiro.vw_lista_comandas
-- Creando tabla temporal para superar errores de dependencia de VIEW
CREATE TABLE `vw_lista_comandas` (
	`idcomanda` VARCHAR(50) NOT NULL COLLATE 'utf8_general_ci',
	`razon_social` VARCHAR(350) NULL COLLATE 'utf8_general_ci',
	`fecha` DATETIME NULL,
	`num_comanda` INT(11) NOT NULL,
	`para_llevar` BIT(1) NULL,
	`desc_mesa` VARCHAR(50) NULL COLLATE 'utf8_general_ci',
	`total` DECIMAL(10,2) NULL
) ENGINE=MyISAM;


-- Volcando estructura para vista bd_guajiro.vw_lista_direcciones
-- Creando tabla temporal para superar errores de dependencia de VIEW
CREATE TABLE `vw_lista_direcciones` (
	`iddireccion` VARCHAR(50) NOT NULL COLLATE 'utf8_general_ci',
	`idpersona` VARCHAR(50) NOT NULL COLLATE 'utf8_general_ci',
	`direccion` TEXT NULL COLLATE 'utf8_general_ci'
) ENGINE=MyISAM;


-- Volcando estructura para vista bd_guajiro.vw_lista_movimientos
-- Creando tabla temporal para superar errores de dependencia de VIEW
CREATE TABLE `vw_lista_movimientos` (
	`idmovimiento` VARCHAR(50) NOT NULL COLLATE 'utf8_general_ci',
	`idlstipomovimiento` VARCHAR(50) NULL COLLATE 'utf8_general_ci',
	`fecha` DATETIME NULL,
	`descripcion` VARCHAR(50) NULL COLLATE 'utf8_general_ci',
	`tipo` VARCHAR(100) NULL COLLATE 'utf8_general_ci',
	`monto` DECIMAL(10,2) NULL,
	`usuario` VARCHAR(350) NULL COLLATE 'utf8_general_ci'
) ENGINE=MyISAM;


-- Volcando estructura para vista bd_guajiro.vw_lista_ordenes
-- Creando tabla temporal para superar errores de dependencia de VIEW
CREATE TABLE `vw_lista_ordenes` (
	`idorden` VARCHAR(50) NOT NULL COLLATE 'utf8_general_ci',
	`iditem` VARCHAR(50) NULL COLLATE 'utf8_general_ci',
	`cveitem` VARCHAR(50) NULL COLLATE 'utf8_general_ci',
	`descripcion` VARCHAR(50) NULL COLLATE 'utf8_general_ci',
	`nombre` VARCHAR(50) NULL COLLATE 'utf8_general_ci',
	`nombreguarnicion` VARCHAR(100) NULL COLLATE 'utf8_general_ci'
) ENGINE=MyISAM;


-- Volcando estructura para vista bd_guajiro.vw_lista_personas
-- Creando tabla temporal para superar errores de dependencia de VIEW
CREATE TABLE `vw_lista_personas` (
	`idpersona` VARCHAR(50) NOT NULL COLLATE 'utf8_general_ci',
	`login` VARCHAR(20) NULL COLLATE 'utf8_general_ci',
	`razon_social` VARCHAR(350) NULL COLLATE 'utf8_general_ci'
) ENGINE=MyISAM;


-- Volcando estructura para vista bd_guajiro.vw_lista_precios
-- Creando tabla temporal para superar errores de dependencia de VIEW
CREATE TABLE `vw_lista_precios` (
	`iditem` VARCHAR(50) NOT NULL COLLATE 'utf8_general_ci',
	`descripcion` VARCHAR(100) NULL COLLATE 'utf8_general_ci',
	`valor` DECIMAL(10,2) NULL,
	`unidad` VARCHAR(100) NULL COLLATE 'utf8_general_ci',
	`tipo` VARCHAR(100) NULL COLLATE 'utf8_general_ci'
) ENGINE=MyISAM;


-- Volcando estructura para vista bd_guajiro.vw_lista_productos
-- Creando tabla temporal para superar errores de dependencia de VIEW
CREATE TABLE `vw_lista_productos` (
	`iditem` VARCHAR(50) NOT NULL COLLATE 'utf8_general_ci',
	`descripcion` VARCHAR(100) NULL COLLATE 'utf8_general_ci',
	`existencia` DECIMAL(10,2) NULL,
	`valor` DECIMAL(10,2) NULL,
	`unidad` VARCHAR(100) NULL COLLATE 'utf8_general_ci',
	`tipo` VARCHAR(100) NULL COLLATE 'utf8_general_ci',
	`fecha_creacion` DATETIME NULL,
	`inventariable` BIT(1) NULL
) ENGINE=MyISAM;


-- Volcando estructura para vista bd_guajiro.vw_lista_telefonos
-- Creando tabla temporal para superar errores de dependencia de VIEW
CREATE TABLE `vw_lista_telefonos` (
	`idtelefono` VARCHAR(50) NOT NULL COLLATE 'utf8_general_ci',
	`idpersona` VARCHAR(50) NULL COLLATE 'utf8_general_ci',
	`numtelefono` VARCHAR(20) NULL COLLATE 'utf8_general_ci',
	`descripcion` VARCHAR(100) NULL COLLATE 'utf8_general_ci'
) ENGINE=MyISAM;


-- Volcando estructura para vista bd_guajiro.vw_proveedores_directorio
-- Creando tabla temporal para superar errores de dependencia de VIEW
CREATE TABLE `vw_proveedores_directorio` (
	`idpersona` VARCHAR(50) NOT NULL COLLATE 'utf8_general_ci',
	`razon_social` VARCHAR(350) NULL COLLATE 'utf8_general_ci',
	`rfc` VARCHAR(15) NULL COLLATE 'utf8_general_ci',
	`direccion` VARCHAR(470) NOT NULL COLLATE 'utf8_general_ci',
	`fecha_creacion` DATETIME NULL
) ENGINE=MyISAM;


-- Volcando estructura para vista bd_guajiro.vw_clientes_directorio
-- Eliminando tabla temporal y crear estructura final de VIEW
DROP TABLE IF EXISTS `vw_clientes_directorio`;
CREATE ALGORITHM=UNDEFINED DEFINER=`root`@`localhost` SQL SECURITY DEFINER VIEW `vw_clientes_directorio` AS select `p`.`idpersona` AS `idpersona`,`p`.`razon_social` AS `razon_social`,`p`.`rfc` AS `rfc`,concat(ifnull(`d`.`calle1`,''),' ',ifnull(`d`.`calle2`,''),' ',ifnull(`d`.`interior`,''),' ',ifnull(`d`.`exterior`,''),' ',ifnull(`d`.`colonia`,''),' ',ifnull(concat('C.P.',`d`.`codigopostal`),''),' ',ifnull(`m`.`nombre`,'')) AS `direccion`,`p`.`fecha_creacion` AS `fecha_creacion` from (((`tbl_personas` `p` left join `tbl_direcciones` `d` on((`p`.`idpersona` = `d`.`idpersona`))) left join `tbl_telefonos` `t` on((`p`.`idpersona` = `t`.`idpersona`))) left join `tbl_municipios` `m` on((`d`.`idmunicipio` = `m`.`idmunicipio`))) where (`p`.`idlstipopersona` = 'e47c6009-368a-11e7-b904-204747335338') order by `p`.`paterno`,`p`.`materno`;


-- Volcando estructura para vista bd_guajiro.vw_detallemenu
-- Eliminando tabla temporal y crear estructura final de VIEW
DROP TABLE IF EXISTS `vw_detallemenu`;
CREATE ALGORITHM=UNDEFINED DEFINER=`root`@`localhost` SQL SECURITY DEFINER VIEW `vw_detallemenu` AS select `d`.`iddetalle` AS `iddetalle`,`d`.`idmenu` AS `idmenu`,`d`.`iditem` AS `iditem`,`i`.`descripcion` AS `descripcion` from (`tbl_items` `i` join `tbl_detallemenu` `d` on((`i`.`iditem` = `d`.`iditem`)));


-- Volcando estructura para vista bd_guajiro.vw_lista_clientes
-- Eliminando tabla temporal y crear estructura final de VIEW
DROP TABLE IF EXISTS `vw_lista_clientes`;
CREATE ALGORITHM=UNDEFINED DEFINER=`root`@`localhost` SQL SECURITY DEFINER VIEW `vw_lista_clientes` AS select `p`.`idpersona` AS `idpersona`,`p`.`idlstipopersona` AS `idlstipopersona`,`p`.`razon_social` AS `razon_social` from (`tbl_personas` `p` join `tbl_usuarios` `u` on((`p`.`idpersona` <> `u`.`idpersona`))) where (`p`.`idlstipopersona` = 'e47c6009-368a-11e7-b904-204747335338');


-- Volcando estructura para vista bd_guajiro.vw_lista_comandas
-- Eliminando tabla temporal y crear estructura final de VIEW
DROP TABLE IF EXISTS `vw_lista_comandas`;
CREATE ALGORITHM=UNDEFINED DEFINER=`root`@`localhost` SQL SECURITY DEFINER VIEW `vw_lista_comandas` AS select `c`.`idcomanda` AS `idcomanda`,`p`.`razon_social` AS `razon_social`,`c`.`fecha` AS `fecha`,`c`.`num_comanda` AS `num_comanda`,`c`.`para_llevar` AS `para_llevar`,`m`.`desc_mesa` AS `desc_mesa`,`c`.`total` AS `total` from ((`tbl_comandas` `c` join `tbl_personas` `p` on((`c`.`idpersona` = `p`.`idpersona`))) join `tbl_mesas` `m` on((`c`.`idmesa` = `m`.`idmesa`)));


-- Volcando estructura para vista bd_guajiro.vw_lista_direcciones
-- Eliminando tabla temporal y crear estructura final de VIEW
DROP TABLE IF EXISTS `vw_lista_direcciones`;
CREATE ALGORITHM=UNDEFINED DEFINER=`root`@`localhost` SQL SECURITY DEFINER VIEW `vw_lista_direcciones` AS select `d`.`iddireccion` AS `iddireccion`,`p`.`idpersona` AS `idpersona`,(case `d`.`entrega` when 0 then 'Sin dirección de entrega' when 1 then concat(ifnull(`d`.`calle1`,''),' ',ifnull(`d`.`calle2`,''),' ',ifnull(`d`.`interior`,''),' ',ifnull(`d`.`exterior`,''),', ',ifnull(`d`.`colonia`,''),', CP: ',ifnull(`d`.`codigopostal`,''),', ',ifnull(`m`.`nombre`,''),', ',ifnull(`e`.`nombre`,'')) end) AS `direccion` from ((((`tbl_personas` `p` join `tbl_direcciones` `d` on((`p`.`idpersona` = `d`.`idpersona`))) join `tbl_usuarios` `u` on((`p`.`idpersona` <> `u`.`idpersona`))) join `tbl_municipios` `m` on((`d`.`idmunicipio` = `m`.`idmunicipio`))) join `tbl_estados` `e` on((`m`.`idestado` = `e`.`idestado`)));


-- Volcando estructura para vista bd_guajiro.vw_lista_movimientos
-- Eliminando tabla temporal y crear estructura final de VIEW
DROP TABLE IF EXISTS `vw_lista_movimientos`;
CREATE ALGORITHM=UNDEFINED DEFINER=`root`@`localhost` SQL SECURITY DEFINER VIEW `vw_lista_movimientos` AS select `m`.`idmovimiento` AS `idmovimiento`,`m`.`idlstipomovimiento` AS `idlstipomovimiento`,`m`.`fecha` AS `fecha`,`m`.`descripcion` AS `descripcion`,`d`.`descripcion` AS `tipo`,`m`.`monto` AS `monto`,`p`.`razon_social` AS `usuario` from (((`tbl_movimientos` `m` join `tbl_listadoseldetalle` `d` on((`m`.`idlstipomovimiento` = `d`.`idlsselecciondetalle`))) join `tbl_usuarios` `u` on((`m`.`crea_usuario` = `u`.`idusuario`))) join `tbl_personas` `p` on((`u`.`idpersona` = `p`.`idpersona`)));


-- Volcando estructura para vista bd_guajiro.vw_lista_ordenes
-- Eliminando tabla temporal y crear estructura final de VIEW
DROP TABLE IF EXISTS `vw_lista_ordenes`;
CREATE ALGORITHM=UNDEFINED DEFINER=`root`@`localhost` SQL SECURITY DEFINER VIEW `vw_lista_ordenes` AS select `o`.`idorden` AS `idorden`,`o`.`iditem` AS `iditem`,`d`.`iditem` AS `cveitem`,`o`.`descripcion` AS `descripcion`,`g`.`nombre` AS `nombre`,`i`.`descripcion` AS `nombreguarnicion` from (((`tbl_ordenes` `o` join `tbl_guarniciones` `g` on((`o`.`idguarnicion` = `g`.`idguarnicion`))) join `tbl_detallesguarnicion` `d` on((`g`.`idguarnicion` = `d`.`idguarnicion`))) join `tbl_items` `i` on((`d`.`iditem` = `i`.`iditem`)));


-- Volcando estructura para vista bd_guajiro.vw_lista_personas
-- Eliminando tabla temporal y crear estructura final de VIEW
DROP TABLE IF EXISTS `vw_lista_personas`;
CREATE ALGORITHM=UNDEFINED DEFINER=`root`@`localhost` SQL SECURITY DEFINER VIEW `vw_lista_personas` AS select `p`.`idpersona` AS `idpersona`,`u`.`login` AS `login`,`p`.`razon_social` AS `razon_social` from (`tbl_personas` `p` join `tbl_usuarios` `u` on((`p`.`idpersona` = `u`.`idpersona`)));


-- Volcando estructura para vista bd_guajiro.vw_lista_precios
-- Eliminando tabla temporal y crear estructura final de VIEW
DROP TABLE IF EXISTS `vw_lista_precios`;
CREATE ALGORITHM=UNDEFINED DEFINER=`root`@`localhost` SQL SECURITY DEFINER VIEW `vw_lista_precios` AS select `i`.`iditem` AS `iditem`,`i`.`descripcion` AS `descripcion`,`c`.`valor` AS `valor`,`d`.`descripcion` AS `unidad`,`t`.`descripcion` AS `tipo` from (((`tbl_items` `i` join `tbl_caracteristicasitem` `c` on((`i`.`iditem` = `c`.`iditem`))) join `tbl_listadoseldetalle` `d` on((`c`.`idlstipocaracteristica` = `d`.`idlsselecciondetalle`))) join `tbl_listadoseldetalle` `t` on((`i`.`idlstipoitem` = `t`.`idlsselecciondetalle`))) where (`i`.`inventariable` = 0);


-- Volcando estructura para vista bd_guajiro.vw_lista_productos
-- Eliminando tabla temporal y crear estructura final de VIEW
DROP TABLE IF EXISTS `vw_lista_productos`;
CREATE ALGORITHM=UNDEFINED DEFINER=`root`@`localhost` SQL SECURITY DEFINER VIEW `vw_lista_productos` AS select `i`.`iditem` AS `iditem`,`i`.`descripcion` AS `descripcion`,`i`.`existencia` AS `existencia`,`c`.`valor` AS `valor`,`t`.`descripcion` AS `unidad`,`d`.`descripcion` AS `tipo`,`i`.`fecha_creacion` AS `fecha_creacion`,`i`.`inventariable` AS `inventariable` from (((`tbl_items` `i` join `tbl_caracteristicasitem` `c` on((`i`.`iditem` = `c`.`iditem`))) join `tbl_listadoseldetalle` `d` on((`c`.`idlstipocaracteristica` = `d`.`idlsselecciondetalle`))) join `tbl_listadoseldetalle` `t` on((`i`.`idlstipoitem` = `t`.`idlsselecciondetalle`)));


-- Volcando estructura para vista bd_guajiro.vw_lista_telefonos
-- Eliminando tabla temporal y crear estructura final de VIEW
DROP TABLE IF EXISTS `vw_lista_telefonos`;
CREATE ALGORITHM=UNDEFINED DEFINER=`root`@`localhost` SQL SECURITY DEFINER VIEW `vw_lista_telefonos` AS select `t`.`idtelefono` AS `idtelefono`,`t`.`idpersona` AS `idpersona`,`t`.`numtelefono` AS `numtelefono`,`l`.`descripcion` AS `descripcion` from (`tbl_telefonos` `t` join `tbl_listadoseldetalle` `l` on((`t`.`idlstipotelefono` = `l`.`idlsselecciondetalle`))) where (`l`.`idlistadoseleccion` = 'b06d265a-f42a-11e7-83f1-204747335338');


-- Volcando estructura para vista bd_guajiro.vw_proveedores_directorio
-- Eliminando tabla temporal y crear estructura final de VIEW
DROP TABLE IF EXISTS `vw_proveedores_directorio`;
CREATE ALGORITHM=UNDEFINED DEFINER=`root`@`localhost` SQL SECURITY DEFINER VIEW `vw_proveedores_directorio` AS select `p`.`idpersona` AS `idpersona`,`p`.`razon_social` AS `razon_social`,`p`.`rfc` AS `rfc`,concat(ifnull(`d`.`calle1`,''),' ',ifnull(`d`.`calle2`,''),' ',ifnull(`d`.`interior`,''),' ',ifnull(`d`.`exterior`,''),' ',ifnull(`d`.`colonia`,''),' ',ifnull(concat('C.P.',`d`.`codigopostal`),''),' ',ifnull(`m`.`nombre`,'')) AS `direccion`,`p`.`fecha_creacion` AS `fecha_creacion` from (((`tbl_personas` `p` left join `tbl_direcciones` `d` on((`p`.`idpersona` = `d`.`idpersona`))) left join `tbl_telefonos` `t` on((`p`.`idpersona` = `t`.`idpersona`))) left join `tbl_municipios` `m` on((`d`.`idmunicipio` = `m`.`idmunicipio`))) where (`p`.`idlstipopersona` = 'e47c61f8-368a-11e7-b904-204747335338') order by `p`.`paterno`,`p`.`materno`;
/*!40101 SET SQL_MODE=IFNULL(@OLD_SQL_MODE, '') */;
/*!40014 SET FOREIGN_KEY_CHECKS=IF(@OLD_FOREIGN_KEY_CHECKS IS NULL, 1, @OLD_FOREIGN_KEY_CHECKS) */;
/*!40101 SET CHARACTER_SET_CLIENT=@OLD_CHARACTER_SET_CLIENT */;
